customer_id,age,gender,product_id,category,price,quantity,purchase_date,transaction_amount,num_orders,avg_order_value,customer_segment,clv_estimate,churn_flag
1102,22,Male,5001,Books,74.88,1,2023-08-03,74.88,9,74.88,High Value,8629.69,0
1435,50,Male,5023,Books,347.48,4,2024-07-14,1389.92,6,347.48,Low Value,26174.36,0
1860,18,Male,5033,Cosmetics,4528.59,4,2024-04-16,18114.36,2,4528.59,High Value,100237.58,0
1270,35,Female,5026,Groceries,3255.21,4,2023-09-04,13020.84,9,3255.21,Low Value,330112.62,0
1106,49,Male,5040,Groceries,1401.55,1,2024-01-17,1401.55,6,1401.55,High Value,95698.11,0
1071,28,Male,5000,Cosmetics,927.1,2,2023-08-27,1854.2,3,927.1,Medium Value,31393.13,1
1700,38,Female,5007,Cosmetics,1506.62,3,2024-01-02,4519.86,6,1506.62,Medium Value,95254.08,1
1020,43,Female,5022,Cosmetics,618.24,3,2023-06-17,1854.72,7,618.24,Medium Value,64327.24,0
1614,42,Female,5037,Groceries,4710.59,3,2024-07-13,14131.77,1,4710.59,Low Value,58048.16,0
1121,39,Male,5005,Cosmetics,3931.82,4,2023-02-20,15727.28,1,3931.82,Medium Value,50207.23,1
1466,44,Male,5021,Electronics,2338.84,1,2024-01-15,2338.84,5,2338.84,Medium Value,160498.55,0
1214,30,Male,5024,Books,4331.56,4,2024-04-18,17326.24,6,4331.56,High Value,185990.19,0
1330,50,Male,5017,Books,1284.82,2,2023-03-21,2569.64,13,1284.82,High Value,97510.82,0
1458,51,Male,5016,Clothing,3599.75,1,2024-01-02,3599.75,2,3599.75,High Value,70763.48,0
1087,58,Male,5011,Clothing,4287.86,3,2024-04-05,12863.579999999998,15,4287.86,Medium Value,652235.41,0
1372,52,Male,5005,Books,1816.01,4,2024-06-22,7264.04,15,1816.01,High Value,362071.11,1
1099,18,Male,5025,Electronics,3799.45,4,2024-03-27,15197.8,13,3799.45,High Value,466161.61,0
1871,38,Male,5026,Groceries,1510.61,2,2024-04-08,3021.22,14,1510.61,Medium Value,226469.78,0
1663,23,Female,5007,Groceries,1529.34,2,2024-04-22,3058.68,7,1529.34,Medium Value,109951.85,1
1130,45,Female,5018,Electronics,579.93,4,2024-02-24,2319.72,14,579.93,Medium Value,43696.79,0
1661,34,Female,5041,Groceries,2228.29,2,2023-08-02,4456.58,10,2228.29,High Value,248502.22,0
1308,22,Male,5000,Cosmetics,3662.07,3,2024-01-04,10986.210000000001,17,3662.07,High Value,826775.87,0
1769,48,Male,5028,Books,4704.09,2,2023-04-24,9408.18,14,4704.09,Low Value,433011.85,0
1343,22,Male,5044,Books,3038.8,2,2024-05-17,6077.6,8,3038.8,High Value,266036.42,0
1491,55,Female,5048,Electronics,4322.52,4,2024-08-10,17290.08,4,4322.52,Low Value,189086.14,0
1413,20,Female,5034,Groceries,4121.35,4,2023-11-07,16485.4,16,4121.35,Low Value,437974.19,0
1805,40,Male,5039,Clothing,908.05,1,2024-04-13,908.05,13,908.05,Medium Value,73597.69,0
1385,54,Female,5013,Clothing,2454.8,1,2023-02-13,2454.8,18,2454.8,High Value,653981.67,0
1191,54,Male,5034,Groceries,628.77,4,2024-02-19,2515.08,14,628.77,Low Value,78672.13,0
1955,27,Male,5047,Clothing,3426.66,2,2023-09-03,6853.32,18,3426.66,Medium Value,448672.85,0
1276,27,Female,5044,Electronics,4752.0,2,2023-03-25,9504.0,5,4752.0,Medium Value,159506.71,0
1160,36,Female,5019,Electronics,728.59,1,2023-07-26,728.59,9,728.59,Medium Value,76563.26,0
1459,34,Female,5048,Groceries,3682.72,1,2023-05-31,3682.72,3,3682.72,High Value,122573.29,1
1313,38,Female,5012,Clothing,3179.58,1,2024-06-11,3179.58,8,3179.58,High Value,290881.24,0
1021,31,Male,5037,Electronics,2938.84,3,2023-06-14,8816.52,10,2938.84,Medium Value,172805.56,0
1252,26,Female,5048,Electronics,1981.1,3,2023-05-25,5943.299999999999,19,1981.1,Medium Value,524538.96,1
1747,18,Male,5045,Cosmetics,1807.9,1,2023-02-06,1807.9,3,1807.9,Medium Value,48231.14,0
1856,30,Female,5048,Cosmetics,273.98,2,2023-11-29,547.96,11,273.98,Medium Value,24513.16,0
1560,21,Male,5007,Electronics,1128.65,1,2024-02-07,1128.65,11,1128.65,Medium Value,119478.62,1
1474,18,Female,5042,Groceries,125.13,3,2024-02-18,375.39,17,125.13,Medium Value,18933.57,1
1058,57,Male,5019,Books,2928.01,2,2023-02-14,5856.02,16,2928.01,Low Value,638810.74,0
1510,49,Female,5032,Books,573.97,3,2024-02-06,1721.91,7,573.97,High Value,57424.7,0
1681,51,Male,5025,Electronics,4371.45,2,2023-07-25,8742.9,4,4371.45,Medium Value,140490.22,0
1475,45,Female,5038,Electronics,2639.56,3,2023-03-03,7918.68,19,2639.56,High Value,684036.18,1
1699,48,Male,5020,Electronics,3513.47,2,2024-02-24,7026.94,12,3513.47,Medium Value,540311.17,0
1975,25,Male,5048,Groceries,2083.74,2,2024-04-12,4167.48,15,2083.74,Medium Value,447214.68,0
1782,56,Male,5041,Cosmetics,2824.87,2,2023-01-19,5649.74,11,2824.87,Low Value,231731.25,1
1189,43,Male,5042,Electronics,4716.16,2,2023-12-31,9432.32,5,4716.16,High Value,253955.58,0
1957,51,Female,5040,Electronics,459.53,4,2023-10-27,1838.12,5,459.53,Low Value,17796.32,1
1686,20,Male,5008,Clothing,1306.99,3,2023-01-07,3920.9700000000003,15,1306.99,High Value,259586.74,0
1957,29,Female,5023,Groceries,3910.94,3,2024-03-03,11732.82,18,3910.94,Medium Value,355732.67,0
1562,18,Male,5036,Electronics,538.75,4,2023-04-27,2155.0,11,538.75,High Value,63103.85,0
1875,22,Male,5048,Clothing,424.52,2,2024-08-02,849.04,12,424.52,Low Value,42751.04,1
1566,47,Female,5040,Books,1839.63,2,2024-05-21,3679.26,2,1839.63,Medium Value,30268.67,0
1243,47,Female,5016,Electronics,506.23,3,2024-06-29,1518.69,15,506.23,Medium Value,86937.89,0
1831,34,Male,5023,Electronics,2946.14,4,2023-11-21,11784.56,4,2946.14,Low Value,159266.5,0
1504,40,Female,5020,Clothing,1170.06,2,2023-02-24,2340.12,18,1170.06,High Value,233608.53,1
1130,32,Female,5038,Groceries,4483.7,2,2023-02-11,8967.4,6,4483.7,High Value,364033.3,1
1484,54,Male,5040,Electronics,3928.33,2,2023-10-24,7856.66,19,3928.33,Low Value,570682.06,0
1818,38,Female,5038,Books,3513.54,1,2023-08-19,3513.54,11,3513.54,Medium Value,394026.66,0
1646,31,Female,5012,Electronics,3103.87,4,2024-03-28,12415.48,2,3103.87,High Value,59006.84,1
1020,19,Female,5010,Books,4324.16,2,2024-01-29,8648.32,8,4324.16,Medium Value,176994.75,0
1840,28,Male,5045,Cosmetics,1154.16,1,2024-06-05,1154.16,11,1154.16,Medium Value,134170.33,0
1166,56,Female,5018,Cosmetics,4371.89,4,2023-12-24,17487.56,5,4371.89,High Value,253902.83,0
1273,55,Male,5010,Books,3957.99,2,2024-03-19,7915.98,18,3957.99,High Value,777921.53,1
1387,51,Male,5012,Groceries,3753.4,3,2023-05-08,11260.2,18,3753.4,High Value,835245.53,0
1600,55,Male,5045,Electronics,2828.22,1,2024-02-09,2828.22,14,2828.22,Medium Value,424197.74,0
1315,51,Male,5044,Electronics,1268.91,1,2024-01-27,1268.91,10,1268.91,Low Value,71915.51,0
1013,35,Female,5000,Cosmetics,2146.56,2,2023-07-12,4293.12,3,2146.56,Low Value,39697.12,0
1241,47,Female,5039,Books,3978.17,2,2023-03-19,7956.34,9,3978.17,Medium Value,392576.6,0
1776,32,Female,5043,Electronics,207.3,1,2023-03-26,207.3,3,207.3,High Value,4819.6,0
1345,44,Male,5018,Electronics,3921.15,3,2023-01-30,11763.45,11,3921.15,Low Value,250016.3,0
1564,51,Male,5011,Groceries,1238.35,3,2023-02-18,3715.0499999999997,12,1238.35,Medium Value,138140.83,0
1897,55,Male,5007,Clothing,764.33,4,2023-05-25,3057.32,12,764.33,High Value,96702.05,0
1339,50,Female,5007,Cosmetics,622.72,2,2023-03-10,1245.44,3,622.72,Low Value,15482.3,1
1091,41,Male,5044,Cosmetics,184.89,3,2023-02-27,554.67,7,184.89,Medium Value,15795.22,1
1366,32,Female,5011,Clothing,2641.75,4,2024-07-27,10567.0,14,2641.75,Medium Value,423017.84,1
1955,47,Female,5047,Electronics,1130.39,3,2024-04-23,3391.17,11,1130.39,Medium Value,103555.05,0
1454,59,Male,5032,Groceries,4947.69,2,2024-03-20,9895.38,7,4947.69,High Value,434610.42,0
1427,34,Female,5044,Groceries,2893.46,4,2023-10-23,11573.84,10,2893.46,High Value,332370.32,0
1508,22,Male,5025,Cosmetics,732.53,4,2023-06-20,2930.12,11,732.53,Medium Value,91653.41,1
1775,46,Female,5038,Groceries,3459.37,4,2024-07-28,13837.48,15,3459.37,High Value,546629.43,1
1942,21,Female,5027,Clothing,4493.83,3,2023-05-27,13481.49,19,4493.83,Medium Value,436638.66,1
1034,27,Male,5004,Electronics,3738.64,2,2024-04-28,7477.28,16,3738.64,Medium Value,715729.54,0
1205,34,Male,5007,Clothing,428.38,4,2023-11-02,1713.52,12,428.38,Medium Value,45033.45,0
1080,27,Female,5024,Books,4484.63,1,2024-03-21,4484.63,18,4484.63,Medium Value,1164522.74,0
1931,34,Female,5026,Cosmetics,3979.95,2,2023-08-09,7959.9,13,3979.95,Medium Value,681916.75,0
1561,37,Male,5045,Groceries,833.6,1,2024-07-08,833.6,5,833.6,Low Value,45335.11,0
1871,41,Female,5022,Books,306.34,1,2024-01-13,306.34,4,306.34,Medium Value,9216.94,1
1387,22,Female,5029,Groceries,2808.69,4,2023-09-23,11234.76,14,2808.69,High Value,276713.36,0
1001,51,Female,5044,Electronics,822.38,4,2023-04-05,3289.52,8,822.38,High Value,55289.25,0
1389,23,Male,5046,Electronics,4181.23,3,2023-09-19,12543.689999999999,9,4181.23,Medium Value,367492.97,0
1565,19,Female,5022,Electronics,1823.76,3,2023-03-12,5471.28,19,1823.76,High Value,275848.16,1
1105,30,Female,5048,Groceries,4568.82,3,2023-08-07,13706.46,3,4568.82,High Value,139110.91,0
1771,28,Male,5046,Books,2850.16,2,2024-06-16,5700.32,5,2850.16,High Value,94820.61,0
1821,40,Male,5019,Electronics,954.23,3,2023-04-02,2862.69,18,954.23,Medium Value,253814.02,1
1476,33,Female,5017,Books,741.01,1,2023-05-07,741.01,1,741.01,Low Value,4504.78,0
1702,48,Male,5017,Groceries,2903.54,3,2023-03-21,8710.619999999999,8,2903.54,High Value,332616.57,0
1401,28,Female,5001,Books,3821.32,4,2023-08-26,15285.28,19,3821.32,Medium Value,1026329.45,0
1729,33,Male,5003,Groceries,3918.45,3,2024-01-07,11755.349999999999,17,3918.45,Medium Value,683030.04,0
1555,25,Male,5029,Groceries,1415.0,2,2024-04-30,2830.0,17,1415.0,High Value,294652.17,1
1161,21,Female,5032,Cosmetics,1061.02,2,2023-01-25,2122.04,11,1061.02,Low Value,109248.26,1
1201,57,Male,5035,Groceries,132.94,1,2023-06-05,132.94,2,132.94,Medium Value,3004.54,0
1957,21,Male,5017,Groceries,3412.04,2,2024-05-31,6824.08,6,3412.04,Medium Value,172084.72,0
1995,42,Male,5036,Clothing,429.01,3,2024-06-13,1287.03,14,429.01,Medium Value,48118.73,0
1269,20,Female,5018,Electronics,2132.77,4,2023-02-26,8531.08,3,2132.77,High Value,68988.48,0
1862,49,Male,5046,Cosmetics,3028.33,2,2023-01-19,6056.66,12,3028.33,Medium Value,362719.92,0
1815,20,Male,5027,Cosmetics,4688.69,1,2024-01-19,4688.69,4,4688.69,High Value,202464.46,0
1270,44,Female,5039,Cosmetics,1593.42,3,2023-07-12,4780.26,12,1593.42,Low Value,150417.68,0
1455,46,Male,5019,Clothing,1286.37,1,2023-08-25,1286.37,13,1286.37,Medium Value,144979.71,1
1461,49,Female,5048,Groceries,3288.09,2,2024-01-22,6576.18,2,3288.09,Medium Value,38398.18,0
1726,36,Male,5032,Electronics,3115.23,2,2024-03-01,6230.46,2,3115.23,High Value,34409.36,0
1251,38,Female,5011,Books,1693.94,1,2023-10-04,1693.94,15,1693.94,Medium Value,191446.68,0
1701,22,Male,5014,Groceries,4644.1,3,2023-08-15,13932.300000000001,17,4644.1,Medium Value,453366.17,1
1295,35,Female,5040,Clothing,4232.07,2,2024-07-05,8464.14,7,4232.07,Medium Value,178865.18,0
1724,45,Male,5038,Groceries,1158.71,4,2023-11-19,4634.84,14,1158.71,Medium Value,212982.46,0
1719,59,Male,5001,Groceries,1233.76,2,2023-06-02,2467.52,12,1233.76,Medium Value,79780.9,0
1748,39,Male,5028,Clothing,2585.89,3,2023-08-25,7757.67,17,2585.89,Low Value,509472.76,1
1337,38,Male,5040,Cosmetics,3879.18,2,2023-02-24,7758.36,14,3879.18,Medium Value,419564.68,0
1878,23,Male,5009,Cosmetics,268.0,1,2024-03-11,268.0,6,268.0,Low Value,22054.45,1
1052,18,Male,5001,Electronics,3482.01,2,2023-04-19,6964.02,19,3482.01,Low Value,651653.07,1
1791,22,Female,5010,Electronics,3258.77,2,2023-07-03,6517.54,6,3258.77,Medium Value,157511.3,1
1921,58,Male,5012,Cosmetics,1195.83,3,2024-01-03,3587.49,18,1195.83,High Value,219046.17,0
1216,29,Male,5009,Books,3422.7,1,2023-07-17,3422.7,5,3422.7,Medium Value,150933.89,0
1763,43,Female,5013,Groceries,4703.91,3,2024-01-06,14111.73,6,4703.91,Low Value,300382.59,0
1187,51,Female,5017,Books,281.59,2,2024-01-08,563.18,2,281.59,High Value,3460.93,1
1379,31,Male,5008,Groceries,1632.28,4,2024-05-11,6529.12,8,1632.28,Medium Value,195480.61,0
1492,43,Male,5038,Cosmetics,2218.97,2,2024-08-21,4437.94,15,2218.97,Low Value,308067.11,0
1040,44,Male,5027,Electronics,4501.34,3,2023-07-20,13504.02,15,4501.34,Medium Value,572726.18,0
1156,26,Female,5002,Electronics,4813.19,4,2024-05-23,19252.76,11,4813.19,Medium Value,640746.69,0
1014,43,Female,5019,Books,2248.37,3,2023-11-18,6745.11,1,2248.37,High Value,19423.66,0
1812,39,Male,5005,Electronics,3762.64,3,2023-10-02,11287.92,18,3762.64,High Value,902993.62,0
1064,47,Female,5026,Cosmetics,2681.72,1,2023-07-30,2681.72,12,2681.72,Medium Value,307090.43,0
1856,34,Female,5001,Books,2712.03,4,2024-05-18,10848.12,12,2712.03,High Value,396897.48,1
1838,43,Female,5028,Groceries,1426.59,2,2023-04-28,2853.18,11,1426.59,High Value,95324.54,0
1520,53,Female,5037,Electronics,1123.93,3,2024-07-07,3371.79,8,1123.93,Low Value,121035.5,0
1343,18,Male,5002,Clothing,1475.63,2,2023-02-11,2951.26,7,1475.63,Medium Value,127642.38,0
1128,25,Male,5015,Electronics,2803.82,1,2023-11-11,2803.82,2,2803.82,Low Value,39910.51,0
1647,52,Male,5029,Groceries,194.32,1,2023-11-25,194.32,11,194.32,Low Value,13793.12,1
1471,32,Male,5039,Books,4540.88,4,2023-01-17,18163.52,10,4540.88,High Value,370668.56,0
1062,39,Male,5001,Groceries,823.6,1,2023-10-10,823.6,3,823.6,High Value,36470.75,0
1138,31,Female,5016,Clothing,1139.44,1,2023-09-15,1139.44,10,1139.44,Medium Value,86236.42,0
1498,43,Male,5040,Cosmetics,2615.47,2,2024-07-28,5230.94,18,2615.47,Medium Value,450129.97,1
1592,45,Male,5011,Electronics,3565.07,1,2024-07-27,3565.07,14,3565.07,High Value,264538.29,0
1391,40,Male,5034,Books,523.86,1,2023-01-19,523.86,18,523.86,Medium Value,84603.89,1
1674,31,Female,5042,Cosmetics,1622.59,3,2024-06-12,4867.7699999999995,8,1622.59,High Value,139065.05,0
1418,41,Male,5000,Groceries,4844.94,1,2024-02-27,4844.94,10,4844.94,Low Value,704030.16,0
1288,19,Male,5044,Books,1348.6,3,2024-04-10,4045.7999999999997,13,1348.6,High Value,178252.13,0
1378,43,Male,5014,Cosmetics,1599.6,1,2024-01-08,1599.6,8,1599.6,High Value,168803.53,1
1772,31,Male,5025,Books,4190.67,1,2023-03-22,4190.67,4,4190.67,High Value,175526.66,0
1489,24,Female,5036,Clothing,298.56,4,2024-07-04,1194.24,4,298.56,Low Value,6458.27,1
1230,20,Female,5020,Clothing,2349.84,4,2024-07-01,9399.36,5,2349.84,Medium Value,95756.95,0
1040,40,Male,5048,Electronics,1929.1,3,2024-02-28,5787.299999999999,1,1929.1,Low Value,20748.43,0
1027,35,Female,5030,Electronics,1617.1,1,2024-03-04,1617.1,17,1617.1,Medium Value,398778.44,0
1134,55,Female,5024,Clothing,1464.21,2,2024-01-23,2928.42,2,1464.21,Medium Value,39801.05,1
1200,52,Female,5022,Books,502.3,4,2023-07-23,2009.2,8,502.3,High Value,29268.24,0
1839,32,Male,5023,Clothing,1608.39,2,2023-07-15,3216.78,7,1608.39,Medium Value,81075.22,1
1779,42,Male,5037,Electronics,263.11,4,2023-10-12,1052.44,15,263.11,Medium Value,27672.84,1
1929,54,Male,5027,Clothing,3915.77,4,2023-07-15,15663.08,5,3915.77,Medium Value,278508.93,1
1032,45,Female,5020,Clothing,2021.23,1,2023-11-03,2021.23,2,2021.23,High Value,54680.99,0
1047,27,Male,5042,Books,2247.32,4,2023-01-14,8989.28,7,2247.32,Low Value,200554.97,0
1502,56,Male,5017,Cosmetics,4473.29,2,2023-05-26,8946.58,8,4473.29,High Value,319477.04,1
1406,34,Male,5035,Electronics,3307.37,4,2023-02-26,13229.48,7,3307.37,Low Value,232530.1,0
1573,56,Female,5034,Books,89.89,3,2023-07-29,269.67,7,89.89,High Value,6067.86,0
1727,39,Male,5044,Clothing,4718.72,1,2024-06-12,4718.72,14,4718.72,Medium Value,497710.46,0
1804,43,Female,5008,Clothing,1223.87,1,2023-12-10,1223.87,18,1223.87,Medium Value,221404.26,0
1098,42,Female,5037,Cosmetics,582.69,3,2023-10-06,1748.0700000000002,6,582.69,Medium Value,18546.9,0
1683,34,Male,5029,Electronics,3852.23,3,2023-07-28,11556.69,4,3852.23,Medium Value,97355.16,0
1871,30,Female,5043,Electronics,2527.36,3,2023-12-01,7582.08,10,2527.36,Medium Value,350441.11,0
1725,37,Male,5033,Groceries,2197.16,4,2023-10-15,8788.64,18,2197.16,Medium Value,495025.33,0
1986,42,Female,5031,Electronics,1285.04,1,2023-09-09,1285.04,12,1285.04,Medium Value,142310.74,0
1546,21,Male,5002,Cosmetics,2759.98,3,2023-09-22,8279.94,16,2759.98,Medium Value,449170.35,0
1960,27,Female,5002,Groceries,1408.2,4,2023-09-28,5632.8,7,1408.2,Low Value,85759.27,0
1738,20,Female,5027,Groceries,4512.84,3,2024-02-23,13538.52,6,4512.84,High Value,335966.46,0
1612,58,Female,5043,Clothing,1115.26,2,2023-07-30,2230.52,5,1115.26,Medium Value,71610.13,0
1942,35,Female,5014,Clothing,4427.56,2,2023-12-31,8855.12,3,4427.56,Medium Value,167798.13,0
1461,53,Male,5040,Electronics,2819.06,1,2023-03-17,2819.06,12,2819.06,Medium Value,413593.9,0
1642,39,Female,5022,Groceries,4151.02,4,2023-11-17,16604.08,15,4151.02,Medium Value,438661.74,1
1768,51,Female,5039,Clothing,3578.59,2,2024-03-08,7157.18,10,3578.59,Medium Value,299875.1,0
1004,25,Female,5010,Cosmetics,3498.64,2,2023-04-19,6997.28,19,3498.64,High Value,644696.61,1
1217,57,Male,5047,Clothing,1655.51,4,2024-06-05,6622.04,16,1655.51,High Value,220061.78,0
1502,36,Female,5031,Clothing,1207.79,3,2023-02-16,3623.37,11,1207.79,High Value,166727.46,0
1766,59,Female,5035,Groceries,1093.89,4,2024-01-14,4375.56,8,1093.89,Medium Value,72577.72,0
1397,58,Female,5032,Groceries,4293.1,3,2023-04-06,12879.300000000001,3,4293.1,Medium Value,82199.83,0
1870,54,Male,5023,Books,4111.11,2,2023-04-13,8222.22,7,4111.11,Low Value,258723.79,0
1794,23,Female,5038,Cosmetics,2230.84,2,2023-05-26,4461.68,7,2230.84,Medium Value,231101.66,0
1392,43,Male,5033,Groceries,705.4,2,2023-01-27,1410.8,14,705.4,High Value,71685.14,0
1206,51,Female,5027,Electronics,1942.15,1,2024-06-13,1942.15,2,1942.15,Low Value,43199.58,0
1014,23,Male,5036,Cosmetics,3115.75,1,2023-03-23,3115.75,10,3115.75,Low Value,290691.08,0
1857,54,Female,5006,Cosmetics,2299.3,1,2024-03-03,2299.3,19,2299.3,Medium Value,249461.79,1
1553,50,Female,5003,Groceries,3911.94,4,2024-08-06,15647.76,9,3911.94,Medium Value,347806.26,0
1891,39,Male,5036,Cosmetics,4988.23,2,2024-04-23,9976.46,16,4988.23,Low Value,959467.55,0
1460,38,Female,5000,Groceries,996.1,2,2023-06-11,1992.2,19,996.1,Medium Value,191761.0,0
1690,23,Male,5000,Clothing,2325.27,4,2024-02-06,9301.08,18,2325.27,Low Value,574293.07,0
1574,23,Female,5046,Books,2183.37,1,2024-05-22,2183.37,9,2183.37,High Value,155028.73,1
1863,21,Female,5019,Clothing,1557.24,4,2023-02-07,6228.96,16,1557.24,High Value,146068.91,0
1742,47,Female,5018,Groceries,1030.57,1,2024-05-25,1030.57,13,1030.57,Medium Value,192462.58,0
1240,28,Female,5028,Groceries,375.18,2,2024-01-28,750.36,10,375.18,Medium Value,32948.17,1
1563,47,Female,5009,Clothing,4441.24,3,2024-05-08,13323.72,14,4441.24,Low Value,669280.55,0
1095,48,Male,5017,Electronics,2128.25,1,2023-07-19,2128.25,12,2128.25,Low Value,329964.68,0
1899,41,Male,5027,Electronics,2509.63,2,2023-09-12,5019.26,19,2509.63,Medium Value,393057.24,1
1733,26,Female,5034,Electronics,4588.86,2,2023-06-28,9177.72,7,4588.86,High Value,390656.62,0
1484,20,Female,5042,Groceries,3892.64,3,2024-06-30,11677.92,15,3892.64,Low Value,371018.52,0
1406,48,Female,5046,Cosmetics,695.98,2,2024-08-16,1391.96,16,695.98,Medium Value,88115.94,0
1230,57,Female,5030,Groceries,2848.83,2,2024-01-24,5697.66,8,2848.83,High Value,146933.68,0
1748,54,Male,5026,Cosmetics,2239.15,1,2024-02-02,2239.15,10,2239.15,Medium Value,293604.19,0
1654,53,Female,5010,Clothing,3996.19,1,2023-06-07,3996.19,4,3996.19,Medium Value,115513.75,1
1170,41,Male,5048,Books,3634.95,3,2023-01-04,10904.849999999999,19,3634.95,Medium Value,840788.2,0
1540,48,Male,5048,Cosmetics,3467.51,3,2023-06-16,10402.53,19,3467.51,Medium Value,950883.81,1
1035,23,Male,5037,Electronics,1735.7,2,2024-04-12,3471.4,15,1735.7,Medium Value,267585.63,1
1524,19,Male,5004,Groceries,4034.57,1,2024-02-13,4034.57,14,4034.57,Low Value,587449.88,0
1159,37,Male,5007,Clothing,309.34,3,2024-02-16,928.02,1,309.34,Medium Value,2972.86,0
1838,45,Male,5033,Electronics,840.14,3,2023-07-23,2520.42,16,840.14,Medium Value,111018.14,0
1698,28,Female,5047,Clothing,1711.34,4,2023-07-13,6845.36,10,1711.34,High Value,166967.75,1
1242,21,Male,5011,Books,430.2,3,2023-08-23,1290.6,19,430.2,Medium Value,90141.28,1
1085,32,Male,5037,Groceries,1213.22,2,2023-05-30,2426.44,3,1213.22,High Value,54085.04,0
1795,23,Male,5000,Groceries,4159.25,1,2023-06-08,4159.25,5,4159.25,High Value,299001.11,0
1577,47,Male,5030,Books,4743.85,3,2023-10-06,14231.550000000001,9,4743.85,Medium Value,581566.44,0
1681,55,Male,5003,Groceries,1557.78,4,2024-02-08,6231.12,18,1557.78,High Value,389512.76,1
1556,19,Male,5048,Cosmetics,1359.35,1,2023-11-07,1359.35,11,1359.35,Medium Value,144721.04,0
1573,32,Female,5044,Clothing,1435.47,3,2023-03-09,4306.41,16,1435.47,High Value,265836.26,0
1952,28,Female,5049,Electronics,1424.71,4,2024-04-07,5698.84,2,1424.71,Medium Value,39751.31,1
1645,25,Female,5004,Books,227.85,3,2023-03-29,683.55,12,227.85,High Value,24415.06,0
1795,43,Male,5029,Cosmetics,4638.24,1,2023-08-05,4638.24,6,4638.24,High Value,406800.31,0
1027,22,Male,5023,Electronics,1107.81,1,2023-01-01,1107.81,11,1107.81,High Value,111596.87,0
1619,23,Female,5002,Electronics,2129.02,1,2023-05-15,2129.02,8,2129.02,Low Value,187538.16,0
1555,43,Male,5010,Books,97.95,2,2023-12-17,195.9,12,97.95,Low Value,14220.04,0
1339,21,Male,5044,Cosmetics,4296.88,3,2023-05-20,12890.64,2,4296.88,High Value,124660.4,1
1797,36,Male,5003,Electronics,3669.23,2,2023-05-13,7338.46,9,3669.23,Medium Value,245895.15,0
1957,37,Male,5025,Electronics,4736.44,1,2023-06-27,4736.44,15,4736.44,Medium Value,885333.69,0
1330,50,Male,5026,Cosmetics,3919.0,4,2023-12-24,15676.0,2,3919.0,Low Value,80011.53,0
1639,37,Male,5045,Groceries,1602.85,3,2024-01-15,4808.549999999999,1,1602.85,Medium Value,12318.82,0
1505,29,Female,5042,Electronics,1276.97,2,2024-03-25,2553.94,10,1276.97,Medium Value,163018.86,0
1347,18,Male,5026,Clothing,3503.7,3,2024-08-08,10511.099999999999,2,3503.7,High Value,73733.42,1
1472,43,Female,5041,Cosmetics,1852.36,4,2024-04-07,7409.44,12,1852.36,Medium Value,258064.98,1
1230,31,Female,5049,Electronics,2852.76,2,2023-04-18,5705.52,8,2852.76,Low Value,187803.14,0
1189,55,Female,5005,Books,80.97,1,2023-05-02,80.97,5,80.97,Medium Value,3972.69,0
1224,54,Female,5014,Clothing,356.33,2,2023-01-17,712.66,1,356.33,High Value,3981.47,0
1384,28,Female,5029,Electronics,2700.07,3,2023-07-15,8100.210000000001,15,2700.07,High Value,366498.38,1
1376,53,Male,5041,Clothing,2852.05,3,2023-11-23,8556.150000000001,6,2852.05,Medium Value,119507.6,0
1282,30,Male,5036,Clothing,3769.69,3,2023-11-14,11309.07,12,3769.69,Medium Value,661191.79,1
1957,20,Male,5036,Groceries,703.23,3,2024-04-23,2109.69,8,703.23,Medium Value,56903.55,0
1632,50,Female,5041,Clothing,2590.26,1,2023-09-09,2590.26,13,2590.26,Low Value,415502.7,1
1627,23,Female,5036,Groceries,1012.52,2,2024-05-17,2025.04,19,1012.52,High Value,175266.17,1
1972,27,Male,5034,Cosmetics,511.32,1,2023-04-29,511.32,1,511.32,Medium Value,4372.46,1
1744,22,Female,5022,Groceries,2081.95,1,2024-05-12,2081.95,11,2081.95,Low Value,207753.78,0
1258,40,Male,5005,Books,858.52,1,2024-04-30,858.52,1,858.52,Medium Value,7805.64,0
1358,27,Female,5003,Electronics,1147.82,3,2023-02-14,3443.46,8,1147.82,High Value,95882.47,0
1709,19,Male,5017,Cosmetics,1621.9,3,2023-11-10,4865.700000000001,5,1621.9,Medium Value,84620.19,1
1455,30,Male,5008,Cosmetics,1333.97,3,2023-06-28,4001.91,17,1333.97,Low Value,226129.46,0
1410,57,Male,5048,Books,483.58,2,2024-02-22,967.16,8,483.58,High Value,24557.58,1
1648,19,Male,5028,Groceries,495.09,4,2024-07-09,1980.36,10,495.09,Low Value,49314.7,1
1317,37,Male,5012,Electronics,1006.58,3,2023-03-19,3019.7400000000002,2,1006.58,Medium Value,13470.13,0
1676,18,Male,5046,Groceries,300.27,2,2023-11-22,600.54,9,300.27,High Value,16920.88,1
1224,54,Female,5016,Clothing,3150.96,3,2023-12-23,9452.880000000001,3,3150.96,Medium Value,135426.28,0
1818,26,Male,5044,Groceries,1472.27,3,2024-02-20,4416.8099999999995,18,1472.27,Medium Value,292821.26,0
1233,34,Male,5031,Cosmetics,1434.74,1,2024-05-29,1434.74,7,1434.74,Medium Value,116449.67,0
1683,26,Female,5047,Electronics,1693.39,1,2023-08-02,1693.39,15,1693.39,Medium Value,229063.26,0
1663,28,Female,5021,Groceries,3330.84,1,2023-03-15,3330.84,18,3330.84,Low Value,844756.18,1
1974,32,Male,5003,Electronics,4359.64,2,2024-07-16,8719.28,3,4359.64,High Value,148829.02,0
1826,41,Male,5004,Electronics,3807.48,4,2024-08-01,15229.92,14,3807.48,Medium Value,676527.45,0
1373,55,Male,5036,Clothing,3651.27,4,2024-05-23,14605.08,2,3651.27,Medium Value,63427.12,0
1671,52,Male,5040,Clothing,2447.74,2,2023-11-28,4895.48,14,2447.74,Medium Value,500322.13,1
1607,47,Female,5048,Cosmetics,3484.34,3,2023-04-03,10453.02,11,3484.34,Medium Value,506102.97,0
1471,48,Male,5012,Books,2786.17,2,2024-06-02,5572.34,16,2786.17,High Value,603572.89,1
1232,22,Male,5033,Electronics,1120.44,3,2023-09-26,3361.32,8,1120.44,Medium Value,60252.27,0
1691,31,Female,5044,Books,1082.51,2,2024-01-11,2165.02,7,1082.51,Medium Value,58420.28,0
1112,28,Male,5021,Cosmetics,1517.14,2,2023-01-04,3034.28,11,1517.14,High Value,131109.61,0
1829,26,Female,5022,Electronics,4558.47,2,2023-05-18,9116.94,3,4558.47,Low Value,105425.0,0
1496,51,Male,5002,Electronics,2759.7,4,2023-08-19,11038.8,17,2759.7,Low Value,635888.38,1
1441,29,Female,5041,Books,3682.83,1,2024-08-22,3682.83,14,3682.83,Medium Value,274237.78,0
1563,52,Male,5033,Groceries,1765.47,2,2024-06-12,3530.94,6,1765.47,High Value,61025.23,1
1267,52,Female,5031,Clothing,2068.19,4,2023-02-21,8272.76,8,2068.19,Medium Value,128048.24,0
1509,18,Female,5044,Groceries,671.55,1,2023-11-21,671.55,5,671.55,High Value,23499.98,0
1806,57,Male,5048,Books,897.91,1,2023-10-04,897.91,8,897.91,High Value,52571.53,1
1385,39,Female,5020,Clothing,4145.41,2,2024-06-19,8290.82,2,4145.41,Medium Value,107610.13,1
1386,46,Female,5045,Groceries,2944.95,3,2024-04-30,8834.849999999999,15,2944.95,High Value,469628.2,0
1112,25,Female,5043,Clothing,1720.79,3,2024-05-30,5162.37,12,1720.79,High Value,104439.01,0
1612,28,Female,5020,Electronics,4024.11,3,2023-06-01,12072.33,17,4024.11,High Value,635748.5,0
1624,58,Female,5043,Groceries,1270.27,2,2024-04-27,2540.54,1,1270.27,High Value,11532.59,0
1951,54,Male,5010,Clothing,4881.36,3,2023-09-16,14644.079999999998,15,4881.36,High Value,449533.18,1
1080,31,Male,5038,Clothing,1756.85,4,2023-11-20,7027.4,14,1756.85,Low Value,289282.66,1
1698,47,Female,5003,Clothing,1719.69,4,2023-06-17,6878.76,16,1719.69,High Value,330757.52,0
1112,52,Male,5000,Groceries,1593.96,4,2023-11-06,6375.84,9,1593.96,High Value,175144.95,1
1001,38,Female,5027,Cosmetics,654.45,4,2024-04-23,2617.8,1,654.45,High Value,8039.73,0
1641,54,Female,5023,Groceries,600.13,1,2023-02-25,600.13,17,600.13,Low Value,51016.44,0
1219,22,Male,5034,Books,3258.12,4,2024-04-17,13032.48,13,3258.12,Medium Value,615816.3,0
1565,36,Male,5012,Groceries,4381.83,3,2023-10-23,13145.49,5,4381.83,Medium Value,287931.97,0
1854,31,Female,5046,Clothing,3963.08,2,2024-04-05,7926.16,10,3963.08,Low Value,556409.18,0
1996,43,Male,5033,Electronics,748.48,3,2023-11-20,2245.44,6,748.48,Medium Value,23156.92,0
1735,21,Female,5010,Groceries,2750.63,4,2023-05-21,11002.52,19,2750.63,Medium Value,749362.85,0
1224,42,Male,5035,Groceries,572.68,1,2023-09-19,572.68,13,572.68,High Value,97511.66,0
1384,59,Female,5016,Clothing,274.21,4,2024-02-24,1096.84,1,274.21,Medium Value,3666.79,1
1402,42,Male,5034,Electronics,3299.11,2,2023-08-29,6598.22,15,3299.11,Medium Value,293598.05,0
1637,35,Female,5017,Electronics,2699.0,3,2023-12-21,8097.0,14,2699.0,Medium Value,468084.67,0
1129,57,Male,5039,Books,456.02,2,2024-08-11,912.04,8,456.02,High Value,53260.1,1
1052,25,Female,5021,Groceries,222.95,2,2023-06-29,445.9,10,222.95,Medium Value,26275.71,1
1683,56,Male,5023,Electronics,4949.29,2,2023-03-07,9898.58,9,4949.29,High Value,476866.7,1
1729,57,Female,5018,Electronics,198.61,3,2023-12-14,595.83,17,198.61,High Value,48809.81,0
1671,31,Female,5036,Cosmetics,2250.41,4,2023-06-20,9001.64,9,2250.41,Medium Value,190979.56,0
1709,49,Male,5038,Cosmetics,2547.86,2,2024-04-18,5095.72,3,2547.86,Low Value,84025.38,0
1415,55,Male,5020,Electronics,630.54,3,2024-06-17,1891.62,11,630.54,Medium Value,67718.24,0
1246,50,Male,5007,Books,886.86,1,2024-01-02,886.86,12,886.86,Medium Value,152488.08,1
1835,40,Female,5027,Electronics,1791.43,3,2023-04-17,5374.29,10,1791.43,High Value,103201.55,0
1438,32,Female,5004,Clothing,3820.3,1,2024-03-14,3820.3,17,3820.3,High Value,650178.19,0
1202,50,Male,5016,Groceries,2560.06,3,2023-08-15,7680.18,17,2560.06,High Value,516573.81,0
1183,42,Male,5036,Books,3207.61,4,2024-03-19,12830.44,11,3207.61,Medium Value,455832.56,0
1122,34,Male,5035,Clothing,4926.61,2,2024-03-17,9853.22,4,4926.61,High Value,213424.42,1
1400,50,Female,5018,Books,3851.63,4,2024-01-31,15406.52,7,3851.63,High Value,379864.09,0
1766,19,Male,5026,Clothing,2200.09,3,2024-08-03,6600.27,14,2200.09,Medium Value,444151.53,0
1293,31,Female,5033,Groceries,2259.89,2,2023-03-25,4519.78,7,2259.89,High Value,89270.96,0
1279,57,Male,5010,Groceries,3112.92,1,2024-07-04,3112.92,8,3112.92,Medium Value,224720.58,0
1836,57,Female,5044,Cosmetics,3343.56,3,2023-01-13,10030.68,1,3343.56,Medium Value,17502.17,0
1883,56,Male,5046,Clothing,2528.52,2,2024-05-07,5057.04,4,2528.52,Medium Value,83887.86,0
1609,23,Male,5011,Cosmetics,3242.06,1,2023-09-25,3242.06,12,3242.06,Medium Value,403390.68,0
1197,23,Female,5020,Clothing,166.49,1,2024-06-08,166.49,3,166.49,Medium Value,7046.5,1
1981,20,Female,5010,Cosmetics,2176.63,4,2023-04-30,8706.52,13,2176.63,High Value,381023.57,1
1906,24,Female,5038,Groceries,1430.74,3,2023-12-19,4292.22,6,1430.74,Medium Value,53867.34,1
1510,25,Male,5027,Books,689.41,1,2023-02-26,689.41,11,689.41,Low Value,44972.52,1
1751,59,Male,5004,Cosmetics,542.76,2,2023-02-09,1085.52,4,542.76,High Value,23648.43,0
1143,32,Female,5016,Clothing,3035.8,1,2023-12-02,3035.8,16,3035.8,High Value,501328.6,0
1608,46,Female,5019,Clothing,2641.82,1,2023-06-22,2641.82,7,2641.82,Low Value,141724.22,0
1200,50,Male,5040,Groceries,1305.24,4,2024-06-30,5220.96,11,1305.24,Medium Value,200928.44,1
1123,47,Male,5045,Clothing,2381.2,4,2023-09-16,9524.8,1,2381.2,Medium Value,33988.45,1
1186,56,Male,5011,Electronics,2486.55,2,2024-05-31,4973.1,7,2486.55,Medium Value,157107.19,1
1325,44,Female,5005,Books,1015.29,4,2024-06-06,4061.16,12,1015.29,High Value,169387.23,0
1463,53,Male,5016,Cosmetics,3277.86,1,2023-04-27,3277.86,7,3277.86,Medium Value,202822.25,1
1348,46,Male,5018,Books,3915.55,1,2023-07-03,3915.55,7,3915.55,Medium Value,338997.27,0
1770,55,Male,5025,Groceries,3967.74,4,2023-04-26,15870.96,10,3967.74,High Value,387228.5,0
1659,50,Male,5047,Cosmetics,3032.23,1,2023-06-11,3032.23,16,3032.23,Medium Value,302050.45,0
1763,54,Male,5043,Cosmetics,2582.61,1,2024-08-01,2582.61,8,2582.61,Medium Value,295023.77,0
1954,44,Male,5043,Electronics,351.99,2,2024-06-26,703.98,9,351.99,Medium Value,30224.92,0
1931,50,Male,5031,Groceries,1474.76,4,2024-08-09,5899.04,9,1474.76,High Value,163851.49,0
1402,21,Female,5005,Clothing,511.69,1,2023-08-25,511.69,2,511.69,Medium Value,8874.48,0
1345,39,Male,5035,Electronics,4820.92,4,2023-03-07,19283.68,13,4820.92,Medium Value,325192.82,0
1962,19,Male,5037,Electronics,718.65,2,2023-03-11,1437.3,13,718.65,Medium Value,56104.25,1
1510,27,Female,5010,Books,801.29,4,2024-03-22,3205.16,4,801.29,Medium Value,31930.43,0
1146,22,Female,5032,Books,4453.4,1,2024-02-20,4453.4,12,4453.4,High Value,635926.47,0
1147,27,Male,5023,Books,4722.45,4,2024-06-15,18889.8,17,4722.45,Medium Value,670139.29,1
1863,50,Male,5022,Electronics,3840.85,1,2024-03-16,3840.85,2,3840.85,Medium Value,91833.84,1
1710,55,Male,5014,Clothing,76.75,1,2024-04-08,76.75,13,76.75,High Value,11959.39,0
1819,30,Female,5026,Cosmetics,56.66,1,2024-01-31,56.66,18,56.66,Medium Value,12278.7,0
1488,48,Female,5010,Books,1921.6,2,2024-07-04,3843.2,15,1921.6,Medium Value,286084.5,0
1928,53,Female,5049,Clothing,759.81,4,2024-07-10,3039.24,8,759.81,Medium Value,86003.57,0
1935,41,Female,5016,Groceries,141.01,2,2024-01-30,282.02,15,141.01,High Value,20922.99,0
1639,32,Female,5013,Books,2347.13,4,2023-11-22,9388.52,1,2347.13,Medium Value,22303.96,1
1550,46,Male,5026,Cosmetics,4718.16,2,2023-04-01,9436.32,10,4718.16,Low Value,329979.06,0
1337,25,Male,5017,Groceries,1652.91,3,2023-03-11,4958.7300000000005,12,1652.91,Medium Value,160197.74,1
1871,22,Female,5027,Groceries,3322.65,1,2023-06-15,3322.65,5,3322.65,Low Value,90099.39,1
1640,46,Female,5046,Cosmetics,3278.56,1,2023-08-02,3278.56,9,3278.56,Low Value,334472.71,1
1778,21,Male,5046,Books,1292.85,2,2023-12-01,2585.7,8,1292.85,High Value,77419.55,0
1987,29,Female,5003,Electronics,3269.6,3,2024-01-04,9808.8,16,3269.6,Medium Value,420682.56,1
1952,19,Male,5006,Cosmetics,1101.05,1,2024-08-06,1101.05,14,1101.05,Medium Value,195892.25,0
1472,44,Male,5044,Cosmetics,653.94,4,2023-02-18,2615.76,13,653.94,Low Value,70323.89,0
1945,48,Male,5034,Cosmetics,3521.85,2,2023-02-21,7043.7,13,3521.85,High Value,339807.34,0
1150,53,Male,5047,Groceries,611.53,1,2023-10-16,611.53,5,611.53,Low Value,20457.44,0
1414,53,Female,5008,Clothing,4984.7,1,2023-08-27,4984.7,16,4984.7,Medium Value,1016765.87,1
1989,43,Male,5007,Electronics,958.09,2,2023-05-13,1916.18,11,958.09,Medium Value,66364.68,0
1297,44,Female,5044,Books,2991.0,2,2023-06-15,5982.0,5,2991.0,High Value,142633.87,0
1610,22,Female,5016,Books,2086.3,4,2024-01-09,8345.2,13,2086.3,High Value,273098.58,0
1262,37,Female,5016,Clothing,675.61,4,2024-01-08,2702.44,11,675.61,Medium Value,88243.37,0
1763,28,Male,5048,Cosmetics,187.83,1,2024-04-22,187.83,19,187.83,High Value,40444.28,0
1143,27,Male,5032,Electronics,3132.52,1,2024-04-23,3132.52,3,3132.52,Low Value,123175.76,1
1345,57,Male,5031,Books,4043.45,2,2024-08-13,8086.9,15,4043.45,High Value,330401.28,0
1623,55,Female,5007,Books,4217.98,1,2023-10-27,4217.98,7,4217.98,Medium Value,235155.97,0
1571,23,Female,5018,Cosmetics,2439.43,1,2023-03-23,2439.43,7,2439.43,Medium Value,133215.78,0
1880,25,Male,5037,Clothing,3898.4,2,2023-03-28,7796.8,6,3898.4,Medium Value,151105.94,0
1001,40,Female,5002,Electronics,3380.59,1,2023-08-13,3380.59,3,3380.59,Medium Value,80036.64,0
1896,43,Male,5004,Clothing,3635.06,1,2023-01-16,3635.06,13,3635.06,Medium Value,382660.92,0
1303,29,Female,5012,Clothing,2488.37,3,2023-12-24,7465.11,7,2488.37,High Value,177997.86,1
1253,43,Male,5046,Electronics,3185.39,4,2023-06-12,12741.56,5,3185.39,High Value,185342.63,0
1651,30,Female,5045,Electronics,4037.35,2,2024-05-28,8074.7,18,4037.35,Medium Value,640316.01,0
1452,57,Male,5030,Books,2019.53,3,2023-12-16,6058.59,8,2019.53,Medium Value,197020.54,0
1036,35,Female,5015,Books,4039.6,4,2024-04-08,16158.4,17,4039.6,Medium Value,574221.5,1
1159,42,Female,5049,Electronics,2980.48,4,2024-01-10,11921.92,1,2980.48,Medium Value,23554.25,0
1008,50,Female,5031,Groceries,871.21,4,2023-04-02,3484.84,14,871.21,Medium Value,126993.08,0
1232,57,Male,5021,Books,172.19,3,2023-06-30,516.5699999999999,17,172.19,Medium Value,15330.38,1
1098,29,Male,5028,Groceries,1845.63,3,2023-10-28,5536.89,10,1845.63,High Value,107007.62,0
1658,53,Male,5021,Electronics,2756.15,4,2023-07-08,11024.6,12,2756.15,Medium Value,303607.41,0
1815,21,Male,5042,Books,4207.11,1,2023-11-10,4207.11,16,4207.11,Low Value,971278.8,0
1207,22,Male,5002,Clothing,681.05,1,2024-05-07,681.05,14,681.05,Low Value,116467.48,0
1130,54,Female,5009,Electronics,4011.02,3,2023-05-08,12033.06,16,4011.02,Medium Value,377437.99,0
1403,25,Female,5041,Cosmetics,4321.89,3,2024-06-02,12965.670000000002,8,4321.89,Medium Value,465491.07,0
1151,59,Male,5020,Groceries,795.9,3,2024-03-01,2387.7,10,795.9,Low Value,98078.82,0
1053,45,Male,5015,Electronics,4265.39,4,2024-07-12,17061.56,17,4265.39,Medium Value,805565.43,0
1119,48,Male,5011,Electronics,4957.7,1,2024-07-18,4957.7,18,4957.7,High Value,1178210.95,0
1672,26,Female,5001,Books,3647.85,3,2023-07-06,10943.55,16,3647.85,High Value,527689.14,1
1919,46,Male,5040,Books,3934.61,3,2024-07-03,11803.83,17,3934.61,Medium Value,482600.29,1
1627,31,Female,5023,Books,4972.36,2,2024-03-28,9944.72,16,4972.36,Low Value,805143.14,1
1586,57,Male,5034,Cosmetics,3047.13,4,2024-04-15,12188.52,19,3047.13,Medium Value,607231.86,0
1624,58,Female,5029,Books,1574.04,2,2024-07-18,3148.08,8,1574.04,High Value,130749.38,0
1967,39,Female,5029,Electronics,4195.78,1,2023-08-12,4195.78,6,4195.78,High Value,268128.92,0
1419,28,Male,5046,Books,3091.7,2,2023-06-03,6183.4,6,3091.7,Medium Value,268737.66,0
1421,40,Female,5034,Clothing,2926.92,2,2024-07-13,5853.84,9,2926.92,Low Value,369383.47,1
1103,18,Male,5018,Books,1305.5,2,2023-12-17,2611.0,4,1305.5,Medium Value,71839.94,0
1851,54,Female,5049,Cosmetics,3793.85,4,2023-05-27,15175.4,12,3793.85,Medium Value,592485.62,0
1253,38,Male,5007,Clothing,454.25,1,2024-07-29,454.25,12,454.25,High Value,78681.27,0
1226,43,Female,5025,Electronics,4625.22,2,2023-12-15,9250.44,17,4625.22,Low Value,470588.8,0
1111,53,Female,5048,Electronics,1662.83,4,2023-07-01,6651.32,15,1662.83,Medium Value,190840.49,0
1509,40,Female,5039,Groceries,682.48,1,2023-06-28,682.48,9,682.48,High Value,61119.52,0
1472,18,Female,5006,Clothing,2239.71,3,2023-02-08,6719.13,7,2239.71,Medium Value,211109.27,0
1098,57,Male,5029,Groceries,260.23,2,2023-01-03,520.46,10,260.23,High Value,26157.43,1
1152,32,Male,5006,Clothing,3438.9,1,2023-03-05,3438.9,16,3438.9,High Value,686698.67,0
1860,38,Male,5002,Clothing,4518.39,2,2023-01-29,9036.78,12,4518.39,High Value,346448.41,1
1913,26,Male,5000,Cosmetics,4194.45,3,2024-01-07,12583.349999999999,7,4194.45,High Value,220917.35,1
1895,26,Female,5035,Groceries,680.48,1,2024-06-06,680.48,18,680.48,Medium Value,150875.82,0
1877,27,Male,5024,Cosmetics,675.04,4,2023-04-07,2700.16,15,675.04,Medium Value,67308.31,1
1337,43,Female,5036,Clothing,4076.5,1,2024-03-17,4076.5,6,4076.5,Medium Value,208233.15,0
1705,58,Female,5000,Electronics,4625.06,4,2023-07-22,18500.24,12,4625.06,Medium Value,424506.28,1
1821,52,Female,5014,Clothing,2330.32,1,2024-02-15,2330.32,11,2330.32,High Value,217849.47,0
1162,42,Male,5036,Cosmetics,2519.91,4,2023-01-21,10079.64,3,2519.91,High Value,91346.04,0
1719,43,Female,5012,Groceries,1625.4,3,2024-07-04,4876.200000000001,2,1625.4,Medium Value,28211.98,0
1956,28,Female,5039,Groceries,4476.61,3,2023-04-12,13429.829999999998,6,4476.61,Medium Value,283440.14,0
1680,55,Male,5007,Cosmetics,3242.27,3,2023-02-15,9726.81,5,3242.27,High Value,97257.06,1
1995,19,Female,5004,Groceries,1476.85,1,2023-03-07,1476.85,18,1476.85,Low Value,346916.77,0
1160,24,Female,5008,Books,1528.98,3,2023-06-13,4586.9400000000005,16,1528.98,Medium Value,212806.77,0
1579,35,Male,5000,Electronics,4461.44,2,2023-04-21,8922.88,8,4461.44,Low Value,409929.3,0
1800,44,Male,5035,Electronics,117.49,3,2023-12-04,352.46999999999997,11,117.49,Medium Value,15836.81,1
1397,51,Male,5034,Electronics,1647.5,4,2023-05-03,6590.0,10,1647.5,High Value,116916.64,0
1276,44,Male,5001,Groceries,2794.07,4,2024-03-22,11176.28,12,2794.07,Medium Value,464265.46,0
1815,34,Male,5039,Groceries,783.68,4,2023-10-18,3134.72,6,783.68,High Value,52485.76,0
1915,41,Male,5022,Clothing,505.89,1,2024-02-16,505.89,5,505.89,Medium Value,23491.64,1
1503,42,Male,5008,Clothing,4085.62,2,2023-10-08,8171.24,9,4085.62,High Value,250898.6,0
1895,24,Male,5033,Electronics,4477.3,3,2023-02-12,13431.900000000001,16,4477.3,Low Value,1033218.24,0
1391,23,Female,5045,Books,4126.85,2,2024-04-30,8253.7,14,4126.85,High Value,725126.95,0
1134,41,Male,5013,Clothing,4499.0,2,2024-08-18,8998.0,8,4499.0,Low Value,254832.2,1
1194,50,Female,5003,Clothing,2787.9,4,2023-02-20,11151.6,19,2787.9,Low Value,443736.24,0
1400,46,Male,5029,Groceries,4070.68,4,2023-07-29,16282.72,14,4070.68,Medium Value,746377.07,0
1639,39,Male,5030,Books,1951.01,4,2023-05-06,7804.04,7,1951.01,Medium Value,163294.54,0
1032,43,Male,5037,Electronics,3348.03,1,2024-05-06,3348.03,5,3348.03,Medium Value,211894.19,1
1687,45,Male,5010,Clothing,4944.74,2,2024-05-23,9889.48,18,4944.74,Low Value,837719.05,1
1459,38,Male,5034,Books,1167.35,2,2024-08-03,2334.7,2,1167.35,Medium Value,28401.07,0
1954,24,Female,5007,Books,1980.0,1,2023-09-15,1980.0,11,1980.0,Medium Value,193078.33,0
1882,34,Male,5002,Electronics,2426.23,1,2023-07-07,2426.23,8,2426.23,Medium Value,138054.99,0
1469,37,Female,5013,Books,733.18,1,2023-08-18,733.18,1,733.18,Low Value,8304.56,0
1374,58,Female,5012,Books,451.14,2,2023-07-08,902.28,12,451.14,Medium Value,79906.67,0
1021,37,Male,5044,Books,4157.13,2,2024-02-19,8314.26,2,4157.13,Medium Value,67395.47,0
1749,39,Male,5031,Clothing,4885.13,4,2023-01-10,19540.52,18,4885.13,Medium Value,845003.05,0
1669,45,Female,5033,Electronics,2053.39,4,2023-04-24,8213.56,7,2053.39,Low Value,168747.79,1
1037,57,Male,5044,Books,483.87,2,2023-03-17,967.74,17,483.87,Medium Value,85672.12,0
1229,24,Male,5018,Books,375.77,4,2024-05-16,1503.08,14,375.77,High Value,70674.78,0
1364,18,Female,5037,Clothing,4462.03,1,2023-03-26,4462.03,7,4462.03,Medium Value,394095.37,0
1562,49,Male,5015,Electronics,2345.88,3,2023-02-18,7037.64,3,2345.88,Low Value,39290.95,0
1437,30,Female,5001,Groceries,1634.14,4,2024-05-09,6536.56,6,1634.14,Medium Value,146917.8,0
1775,47,Female,5039,Clothing,2408.48,2,2024-01-22,4816.96,2,2408.48,Low Value,60327.73,0
1282,40,Male,5016,Electronics,1625.61,4,2024-01-24,6502.44,17,1625.61,High Value,376919.73,0
1026,36,Male,5033,Books,2470.73,4,2023-08-06,9882.92,12,2470.73,Medium Value,341315.85,1
1225,49,Male,5041,Electronics,4304.8,4,2023-12-12,17219.2,12,4304.8,Medium Value,700624.35,1
1276,47,Male,5015,Electronics,2981.89,3,2023-08-18,8945.67,17,2981.89,Low Value,310429.97,0
1797,46,Male,5037,Electronics,3488.54,1,2023-09-12,3488.54,10,3488.54,High Value,295736.73,0
1608,46,Female,5001,Groceries,1855.12,2,2023-08-24,3710.24,3,1855.12,Low Value,76602.78,0
1283,47,Male,5001,Electronics,3705.6,3,2023-01-26,11116.8,18,3705.6,Medium Value,468009.64,0
1878,33,Male,5025,Groceries,3349.75,2,2024-08-06,6699.5,13,3349.75,High Value,251805.64,0
1959,57,Female,5012,Books,641.83,2,2023-09-18,1283.66,12,641.83,Medium Value,99210.41,1
1480,36,Female,5046,Groceries,2884.58,2,2023-09-28,5769.16,17,2884.58,High Value,654893.83,1
1452,35,Female,5030,Books,1320.88,3,2023-05-03,3962.6400000000003,4,1320.88,Medium Value,35011.36,1
1828,18,Male,5033,Books,4030.27,1,2023-09-14,4030.27,10,4030.27,High Value,545838.0,0
1815,31,Female,5038,Groceries,2158.39,2,2024-02-25,4316.78,11,2158.39,High Value,281765.85,1
1658,19,Male,5002,Clothing,4973.69,1,2023-09-16,4973.69,6,4973.69,Low Value,304414.5,1
1515,45,Male,5007,Cosmetics,507.88,1,2023-02-16,507.88,6,507.88,High Value,40536.45,0
1546,47,Male,5022,Electronics,3912.72,4,2024-06-08,15650.88,9,3912.72,High Value,323708.84,0
1191,55,Female,5013,Cosmetics,3384.82,3,2023-07-27,10154.460000000001,15,3384.82,Medium Value,352356.69,1
1048,21,Male,5026,Electronics,3849.12,3,2023-11-07,11547.36,2,3849.12,Medium Value,60419.84,0
1511,18,Male,5028,Electronics,1572.27,4,2023-05-29,6289.08,4,1572.27,Medium Value,63215.57,0
1016,25,Male,5038,Books,2485.67,4,2024-03-13,9942.68,5,2485.67,Medium Value,128177.4,0
1171,46,Male,5038,Electronics,3992.72,1,2023-06-04,3992.72,17,3992.72,Medium Value,886179.18,0
1219,56,Female,5000,Electronics,1201.08,2,2023-03-31,2402.16,8,1201.08,Medium Value,124081.43,0
1157,20,Female,5016,Groceries,1168.86,3,2023-12-24,3506.58,8,1168.86,High Value,101117.29,1
1476,49,Female,5040,Cosmetics,2777.7,2,2023-06-23,5555.4,12,2777.7,High Value,426916.54,0
1045,27,Male,5029,Groceries,2641.64,2,2023-08-05,5283.28,8,2641.64,Medium Value,146193.32,0
1372,27,Male,5012,Electronics,1447.2,4,2024-03-31,5788.8,19,1447.2,Medium Value,151250.14,0
1517,36,Male,5020,Books,1525.47,2,2023-07-18,3050.94,3,1525.47,Medium Value,62863.12,0
1098,51,Male,5018,Groceries,1425.33,1,2024-04-30,1425.33,18,1425.33,Medium Value,147663.92,0
1891,50,Male,5018,Groceries,3868.98,4,2024-06-16,15475.92,19,3868.98,Medium Value,548895.29,0
1744,40,Female,5024,Clothing,3276.91,2,2023-07-19,6553.82,19,3276.91,High Value,744221.0,0
1036,45,Male,5021,Electronics,4170.47,4,2024-01-06,16681.88,15,4170.47,High Value,568923.8,0
1279,49,Male,5030,Books,4878.59,1,2024-03-23,4878.59,6,4878.59,Medium Value,402868.29,0
1348,24,Male,5016,Groceries,2397.11,1,2023-09-05,2397.11,16,2397.11,Medium Value,306055.26,0
1496,46,Male,5022,Groceries,380.13,2,2023-09-21,760.26,8,380.13,Medium Value,15566.21,0
1301,25,Male,5031,Books,288.06,4,2023-02-27,1152.24,16,288.06,High Value,36901.9,0
1180,18,Female,5009,Electronics,1513.54,2,2023-10-29,3027.08,18,1513.54,Medium Value,293707.75,1
1606,20,Female,5009,Clothing,4666.1,2,2023-01-31,9332.2,16,4666.1,Low Value,653954.57,0
1098,41,Female,5035,Groceries,2639.9,4,2024-05-12,10559.6,11,2639.9,High Value,300515.66,0
1699,40,Male,5007,Clothing,1395.34,2,2023-09-06,2790.68,7,1395.34,Medium Value,134457.57,0
1992,25,Male,5019,Cosmetics,2025.88,1,2023-09-28,2025.88,17,2025.88,Low Value,486459.29,0
1115,54,Male,5031,Electronics,3013.05,4,2024-01-29,12052.2,17,3013.05,Medium Value,392346.09,1
1190,20,Male,5049,Cosmetics,3282.1,4,2024-05-16,13128.4,12,3282.1,Medium Value,378940.95,0
1252,50,Female,5013,Cosmetics,811.9,4,2024-08-14,3247.6,13,811.9,High Value,110734.0,0
1980,45,Male,5049,Cosmetics,4886.31,4,2023-03-25,19545.24,10,4886.31,Medium Value,708081.27,0
1927,25,Male,5027,Electronics,2746.62,2,2023-12-31,5493.24,7,2746.62,High Value,288129.26,0
1982,51,Male,5045,Electronics,721.66,2,2024-07-02,1443.32,14,721.66,Low Value,74299.96,1
1160,52,Male,5023,Books,4473.49,1,2023-12-08,4473.49,1,4473.49,Medium Value,54888.82,0
1255,49,Female,5014,Clothing,419.46,3,2024-02-11,1258.3799999999999,17,419.46,Medium Value,62610.81,0
1322,41,Male,5021,Clothing,4543.29,3,2024-02-29,13629.869999999999,4,4543.29,Medium Value,92339.32,0
1127,31,Male,5029,Books,4983.0,1,2023-04-03,4983.0,5,4983.0,Medium Value,126880.27,0
1017,49,Male,5003,Books,3517.14,3,2024-02-16,10551.42,7,3517.14,Medium Value,236491.16,1
1792,33,Male,5012,Cosmetics,3863.71,1,2024-03-07,3863.71,10,3863.71,Low Value,381863.95,0
1734,21,Female,5022,Books,1719.65,2,2023-06-08,3439.3,17,1719.65,Low Value,152768.29,0
1565,54,Female,5007,Groceries,4710.81,4,2023-01-14,18843.24,7,4710.81,Medium Value,391397.27,0
1569,38,Female,5017,Clothing,2672.08,4,2024-01-08,10688.32,1,2672.08,Low Value,21216.41,0
1322,31,Female,5011,Books,3675.32,2,2023-08-13,7350.64,7,3675.32,Medium Value,272681.24,0
1871,48,Male,5030,Groceries,4624.33,4,2024-05-19,18497.32,11,4624.33,Medium Value,407408.55,0
1685,35,Female,5013,Groceries,4877.14,4,2023-03-14,19508.56,9,4877.14,Medium Value,292833.67,0
1791,24,Male,5033,Groceries,4174.36,3,2023-09-06,12523.079999999998,12,4174.36,High Value,454424.37,0
1625,27,Male,5017,Groceries,1549.94,2,2024-05-25,3099.88,3,1549.94,High Value,34049.39,0
1287,24,Female,5033,Cosmetics,4834.41,3,2023-08-04,14503.23,4,4834.41,High Value,200106.09,1
1942,50,Male,5010,Groceries,3159.19,3,2024-06-24,9477.57,4,3159.19,Medium Value,88309.28,0
1853,40,Female,5040,Cosmetics,4656.68,4,2023-08-08,18626.72,13,4656.68,Medium Value,610457.11,0
1662,38,Male,5011,Cosmetics,3396.72,4,2023-08-09,13586.88,19,3396.72,Medium Value,424256.84,0
1961,36,Female,5048,Groceries,1570.83,2,2024-01-24,3141.66,10,1570.83,Low Value,183940.22,0
1638,36,Female,5014,Clothing,1881.62,4,2024-07-07,7526.48,5,1881.62,Medium Value,117971.71,0
1154,53,Female,5030,Groceries,2774.84,4,2023-02-11,11099.36,7,2774.84,Medium Value,118562.24,1
1489,46,Female,5048,Groceries,3960.57,2,2023-10-10,7921.14,16,3960.57,High Value,613287.87,0
1385,35,Female,5028,Groceries,1624.01,4,2023-02-27,6496.04,1,1624.01,High Value,9271.01,0
1985,19,Male,5025,Clothing,2919.67,3,2024-06-20,8759.01,12,2919.67,Medium Value,384759.64,0
1784,18,Male,5017,Electronics,1760.84,2,2023-03-14,3521.68,2,1760.84,Medium Value,26919.87,0
1103,22,Male,5031,Electronics,4088.06,4,2023-05-09,16352.24,7,4088.06,Medium Value,294069.33,0
1928,37,Female,5021,Cosmetics,2360.3,1,2024-08-21,2360.3,11,2360.3,High Value,264166.45,1
1392,28,Male,5037,Cosmetics,429.78,2,2024-03-01,859.56,13,429.78,Medium Value,79580.67,0
1810,59,Female,5016,Clothing,871.96,2,2023-05-05,1743.92,2,871.96,High Value,18295.17,0
1245,19,Male,5022,Books,352.47,1,2023-03-08,352.47,7,352.47,High Value,26720.71,0
1175,20,Male,5023,Electronics,2521.55,4,2023-01-06,10086.2,15,2521.55,High Value,341034.52,0
1038,40,Female,5049,Cosmetics,576.37,4,2023-11-10,2305.48,11,576.37,High Value,91872.66,0
1476,29,Male,5007,Electronics,614.99,2,2023-11-22,1229.98,2,614.99,Medium Value,15709.13,0
1681,37,Male,5040,Clothing,4708.19,2,2024-07-18,9416.38,7,4708.19,High Value,258848.61,0
1758,22,Male,5005,Clothing,4369.64,4,2024-07-31,17478.56,4,4369.64,Low Value,234948.48,0
1537,54,Female,5004,Books,2287.83,4,2024-05-20,9151.32,11,2287.83,Medium Value,234648.08,0
1866,55,Female,5043,Books,4929.74,3,2023-03-23,14789.22,2,4929.74,High Value,130999.67,0
1817,47,Male,5028,Clothing,50.92,2,2024-08-21,101.84,16,50.92,High Value,10777.83,0
1920,26,Male,5027,Cosmetics,3089.2,2,2023-01-02,6178.4,7,3089.2,Medium Value,148964.04,0
1407,51,Male,5010,Electronics,3101.32,1,2023-07-23,3101.32,13,3101.32,High Value,484265.99,0
1524,52,Female,5000,Groceries,2314.34,3,2024-02-08,6943.02,5,2314.34,Low Value,91490.83,0
1827,39,Female,5042,Books,2014.89,4,2023-04-13,8059.56,17,2014.89,Low Value,273166.2,0
1505,41,Male,5018,Groceries,2304.15,3,2024-06-19,6912.450000000001,12,2304.15,High Value,220188.65,1
1902,34,Male,5008,Cosmetics,2104.05,4,2024-01-03,8416.2,19,2104.05,Medium Value,489944.81,0
1824,27,Male,5026,Books,3665.94,4,2023-07-31,14663.76,7,3665.94,High Value,187284.89,0
1035,47,Female,5033,Groceries,720.01,3,2024-07-30,2160.0299999999997,6,720.01,Medium Value,21639.43,0
1684,40,Female,5043,Cosmetics,1028.31,2,2023-07-28,2056.62,8,1028.31,Medium Value,99971.22,0
1019,49,Male,5003,Electronics,943.57,4,2023-04-27,3774.28,13,943.57,High Value,82330.27,0
1320,34,Male,5035,Cosmetics,1349.23,3,2024-04-22,4047.69,5,1349.23,High Value,40779.29,0
1775,34,Male,5017,Books,2650.03,1,2023-04-15,2650.03,2,2650.03,Medium Value,39088.8,0
1511,31,Female,5014,Clothing,600.48,3,2024-05-09,1801.44,9,600.48,Medium Value,47552.64,0
1399,26,Male,5012,Electronics,4347.44,1,2023-02-15,4347.44,11,4347.44,High Value,466696.36,0
1653,57,Female,5018,Groceries,1521.94,4,2023-11-27,6087.76,6,1521.94,Medium Value,49728.18,1
1971,19,Female,5048,Books,854.56,3,2023-08-04,2563.68,7,854.56,Medium Value,87968.52,0
1882,42,Male,5005,Clothing,3394.33,3,2024-05-06,10182.99,7,3394.33,Low Value,288940.35,0
1470,56,Male,5047,Cosmetics,238.53,1,2024-03-24,238.53,19,238.53,High Value,37307.73,0
1142,26,Male,5011,Clothing,3118.84,3,2024-06-19,9356.52,6,3118.84,Medium Value,153203.15,0
1091,39,Female,5036,Books,3506.08,3,2024-05-25,10518.24,11,3506.08,Medium Value,365823.27,0
1353,21,Female,5016,Books,1113.84,4,2024-04-02,4455.36,11,1113.84,High Value,137990.22,0
1833,43,Female,5022,Clothing,257.72,3,2024-06-30,773.1600000000001,7,257.72,Medium Value,11660.83,0
1799,46,Male,5025,Cosmetics,1850.04,2,2024-06-19,3700.08,2,1850.04,Medium Value,25490.95,0
1726,51,Male,5028,Clothing,538.04,1,2024-06-23,538.04,19,538.04,Low Value,138971.73,1
1958,40,Female,5032,Books,626.57,3,2024-04-28,1879.71,4,626.57,High Value,18953.87,1
1853,54,Female,5026,Books,1308.59,1,2023-01-16,1308.59,6,1308.59,Medium Value,69108.86,0
1050,28,Male,5024,Groceries,1512.57,1,2024-07-24,1512.57,17,1512.57,Medium Value,352604.59,0
1664,23,Female,5009,Groceries,2673.35,1,2023-08-31,2673.35,5,2673.35,Low Value,155475.06,0
1697,35,Female,5046,Electronics,3408.04,3,2023-07-26,10224.119999999999,7,3408.04,Medium Value,200801.14,0
1574,38,Female,5022,Books,2984.22,3,2023-09-28,8952.66,9,2984.22,Low Value,317917.79,0
1189,59,Female,5020,Groceries,784.38,1,2023-04-25,784.38,1,784.38,Low Value,4076.29,0
1124,53,Female,5020,Clothing,901.83,2,2024-08-02,1803.66,1,901.83,High Value,11143.4,1
1149,58,Female,5042,Cosmetics,4399.91,1,2023-10-26,4399.91,19,4399.91,Low Value,825128.53,0
1313,55,Male,5012,Clothing,2813.84,2,2024-04-27,5627.68,6,2813.84,Low Value,221705.07,0
1569,51,Male,5036,Cosmetics,4356.19,1,2024-02-01,4356.19,18,4356.19,High Value,1140602.04,0
1341,34,Female,5032,Groceries,1889.16,4,2024-01-29,7556.64,10,1889.16,Medium Value,269354.27,1
1304,54,Male,5023,Electronics,3091.28,1,2023-03-16,3091.28,11,3091.28,Medium Value,479207.61,0
1691,42,Male,5043,Clothing,2642.13,1,2024-04-26,2642.13,1,2642.13,High Value,26742.85,0
1681,55,Male,5010,Clothing,1629.66,3,2023-04-13,4888.9800000000005,1,1629.66,High Value,14017.39,0
1837,29,Male,5016,Clothing,2376.08,2,2023-10-24,4752.16,13,2376.08,High Value,298090.15,1
1782,40,Female,5003,Cosmetics,2537.33,4,2023-06-27,10149.32,5,2537.33,High Value,150957.94,0
1053,59,Female,5046,Groceries,1043.82,2,2023-08-03,2087.64,1,1043.82,Medium Value,14446.45,1
1443,39,Male,5024,Clothing,1609.3,4,2023-11-11,6437.2,3,1609.3,High Value,34132.59,0
1612,38,Male,5029,Clothing,3967.48,1,2023-02-08,3967.48,18,3967.48,Low Value,1012797.54,0
1992,44,Male,5008,Electronics,4583.15,3,2023-09-16,13749.449999999999,9,4583.15,Medium Value,542490.15,0
1263,48,Female,5020,Electronics,1830.98,3,2023-01-07,5492.9400000000005,14,1830.98,High Value,379085.81,0
1052,23,Female,5019,Groceries,1569.51,2,2023-02-18,3139.02,17,1569.51,Medium Value,368274.22,0
1571,44,Male,5018,Groceries,1016.23,3,2024-06-21,3048.69,14,1016.23,Medium Value,110963.4,1
1619,57,Female,5018,Books,3408.53,2,2023-06-10,6817.06,4,3408.53,Low Value,82616.76,0
1004,51,Female,5011,Electronics,1649.34,2,2023-06-25,3298.68,5,1649.34,High Value,50489.68,0
1102,29,Female,5036,Books,4939.36,4,2024-08-13,19757.44,17,4939.36,High Value,664383.26,0
1195,24,Female,5041,Cosmetics,1662.14,2,2023-01-02,3324.28,2,1662.14,Low Value,37038.59,0
1773,27,Male,5016,Books,2000.97,4,2024-03-30,8003.88,5,2000.97,Low Value,130495.29,0
1876,34,Female,5036,Clothing,3036.5,3,2023-10-03,9109.5,4,3036.5,Medium Value,169952.94,0
1991,43,Male,5047,Books,4018.34,2,2024-05-12,8036.68,4,4018.34,Medium Value,180624.93,0
1883,38,Female,5038,Groceries,2374.12,2,2023-01-28,4748.24,6,2374.12,High Value,72025.76,0
1349,45,Female,5027,Cosmetics,2142.15,1,2023-11-29,2142.15,13,2142.15,Medium Value,191125.15,1
1046,19,Female,5040,Clothing,4978.41,2,2023-01-01,9956.82,5,4978.41,High Value,149284.15,0
1866,18,Female,5034,Books,101.94,2,2023-07-07,203.88,7,101.94,High Value,6160.51,1
1822,53,Male,5046,Cosmetics,4480.57,1,2023-02-25,4480.57,1,4480.57,Low Value,44866.23,0
1935,43,Male,5047,Cosmetics,788.25,1,2024-06-30,788.25,14,788.25,High Value,59966.6,0
1819,46,Female,5017,Clothing,3940.33,3,2023-04-22,11820.99,4,3940.33,Medium Value,133731.33,0
1655,38,Female,5013,Books,3108.76,2,2023-11-06,6217.52,17,3108.76,Low Value,358939.12,0
1268,28,Male,5034,Cosmetics,1742.14,3,2023-02-05,5226.42,14,1742.14,High Value,279769.95,1
1369,57,Male,5043,Cosmetics,4375.68,3,2024-03-14,13127.04,16,4375.68,Low Value,675095.57,0
1635,28,Male,5040,Electronics,113.89,1,2024-08-14,113.89,14,113.89,Low Value,15869.94,0
1105,53,Female,5006,Cosmetics,1172.12,4,2024-08-17,4688.48,16,1172.12,Medium Value,173978.58,1
1669,56,Female,5040,Electronics,2856.12,3,2024-07-30,8568.36,8,2856.12,High Value,332685.36,0
1658,57,Male,5012,Books,1790.13,4,2023-11-21,7160.52,3,1790.13,Medium Value,38384.06,0
1656,52,Male,5017,Books,3071.37,2,2023-11-03,6142.74,19,3071.37,Medium Value,593284.9,0
1119,51,Female,5036,Books,169.35,1,2024-06-17,169.35,1,169.35,Medium Value,2093.2,1
1830,41,Female,5012,Groceries,626.47,2,2023-04-19,1252.94,2,626.47,High Value,13241.63,0
1786,39,Male,5035,Books,679.13,2,2024-01-07,1358.26,15,679.13,Low Value,145573.64,0
1603,22,Female,5030,Cosmetics,986.95,1,2023-12-23,986.95,10,986.95,High Value,86651.09,0
1057,50,Male,5001,Clothing,2323.69,2,2023-06-30,4647.38,18,2323.69,Medium Value,403071.09,1
1950,53,Male,5015,Electronics,3773.04,1,2023-12-22,3773.04,14,3773.04,High Value,310872.55,0
1345,37,Female,5008,Groceries,4532.42,4,2023-03-09,18129.68,17,4532.42,Medium Value,854496.46,0
1740,36,Female,5008,Books,4185.09,2,2023-10-19,8370.18,13,4185.09,Low Value,428835.94,0
1473,52,Female,5037,Books,1024.59,1,2023-06-30,1024.59,1,1024.59,High Value,6765.46,1
1116,34,Female,5010,Clothing,2233.7,3,2024-04-10,6701.099999999999,5,2233.7,High Value,116658.48,1
1829,51,Female,5021,Clothing,1037.09,2,2024-03-09,2074.18,13,1037.09,Medium Value,139177.82,1
1790,26,Male,5032,Groceries,1359.14,4,2024-04-08,5436.56,14,1359.14,Medium Value,109576.63,0
1126,43,Male,5035,Electronics,2542.56,1,2024-06-17,2542.56,3,2542.56,Medium Value,91396.04,0
1392,19,Male,5044,Books,387.14,2,2023-03-07,774.28,15,387.14,Medium Value,65258.57,0
1907,26,Male,5022,Groceries,1129.96,2,2023-01-21,2259.92,19,1129.96,High Value,147926.77,1
1640,26,Female,5044,Cosmetics,4680.12,2,2024-01-19,9360.24,17,4680.12,Low Value,771302.15,0
1057,57,Female,5044,Cosmetics,2357.28,4,2024-07-12,9429.12,3,2357.28,Low Value,86299.28,0
1633,34,Male,5033,Groceries,2254.66,1,2023-02-08,2254.66,16,2254.66,Medium Value,371364.41,1
1512,18,Male,5008,Books,122.11,3,2023-10-12,366.33,14,122.11,Low Value,15308.74,0
1750,42,Female,5023,Groceries,1274.63,3,2024-08-19,3823.8900000000003,12,1274.63,Medium Value,125781.27,0
1801,57,Male,5007,Books,4338.15,3,2023-12-02,13014.449999999999,12,4338.15,Medium Value,578046.62,0
1095,59,Female,5006,Clothing,864.91,1,2023-07-07,864.91,11,864.91,High Value,136916.95,0
1637,42,Female,5035,Groceries,2104.87,3,2023-08-31,6314.61,17,2104.87,Medium Value,419283.0,1
1117,56,Female,5017,Books,120.94,4,2023-03-14,483.76,8,120.94,Medium Value,5560.78,0
1559,52,Male,5002,Groceries,2417.76,1,2024-04-23,2417.76,17,2417.76,High Value,394859.97,0
1600,20,Male,5027,Groceries,154.05,2,2024-07-14,308.1,11,154.05,Medium Value,23568.21,0
1487,54,Female,5005,Books,4107.07,4,2023-04-11,16428.28,2,4107.07,Medium Value,48829.98,0
1236,47,Female,5043,Books,4133.03,2,2024-05-28,8266.06,10,4133.03,Medium Value,615356.8,0
1884,55,Male,5043,Electronics,3949.32,3,2023-06-25,11847.960000000001,10,3949.32,Medium Value,572283.87,0
1896,51,Female,5020,Groceries,1452.65,4,2023-08-26,5810.6,11,1452.65,Low Value,92403.35,0
1271,29,Male,5027,Cosmetics,4194.32,1,2023-02-28,4194.32,6,4194.32,High Value,360731.65,0
1188,36,Female,5039,Groceries,2737.84,4,2023-04-09,10951.36,4,2737.84,Medium Value,94524.76,0
1998,54,Male,5000,Groceries,1900.35,2,2024-05-09,3800.7,12,1900.35,Medium Value,306650.17,0
1703,34,Female,5035,Books,3145.38,1,2024-05-28,3145.38,11,3145.38,Medium Value,317753.1,1
1446,27,Male,5020,Groceries,111.09,4,2023-10-24,444.36,13,111.09,Medium Value,13587.55,1
1580,29,Male,5042,Groceries,757.66,4,2023-07-30,3030.64,5,757.66,High Value,42968.53,1
1789,33,Male,5034,Cosmetics,3724.35,4,2023-05-03,14897.4,6,3724.35,Low Value,284796.0,0
1860,41,Male,5012,Books,1258.6,4,2023-08-17,5034.4,1,1258.6,Medium Value,6718.27,0
1246,36,Female,5048,Groceries,3010.15,1,2024-08-16,3010.15,6,3010.15,Low Value,197433.81,0
1962,25,Female,5009,Clothing,1956.26,2,2024-01-23,3912.52,18,1956.26,Medium Value,241817.09,0
1075,48,Male,5043,Electronics,4281.29,4,2023-05-20,17125.16,9,4281.29,Medium Value,325957.97,0
1153,38,Male,5046,Cosmetics,4764.46,1,2024-06-24,4764.46,15,4764.46,Low Value,606016.92,0
1655,34,Female,5009,Groceries,4423.65,2,2024-01-26,8847.3,8,4423.65,Medium Value,342942.7,1
1434,40,Female,5045,Clothing,1389.57,4,2023-09-27,5558.28,19,1389.57,Medium Value,220227.28,0
1996,54,Female,5012,Groceries,1011.11,2,2023-01-12,2022.22,16,1011.11,Medium Value,98257.42,0
1085,33,Male,5036,Groceries,2398.45,2,2024-01-24,4796.9,6,2398.45,Low Value,92910.49,1
1696,23,Male,5037,Books,86.3,1,2023-12-03,86.3,6,86.3,Medium Value,2762.14,0
1284,25,Female,5023,Books,177.76,2,2024-05-20,355.52,3,177.76,Medium Value,5174.14,1
1973,42,Male,5001,Books,2788.79,1,2023-04-16,2788.79,10,2788.79,High Value,405614.92,1
1219,35,Female,5021,Clothing,2626.22,4,2023-02-01,10504.88,1,2626.22,Low Value,16168.99,1
1068,42,Male,5016,Groceries,4973.18,2,2023-03-15,9946.36,14,4973.18,High Value,1006954.71,0
1046,29,Female,5035,Electronics,1049.12,2,2023-06-20,2098.24,4,1049.12,Medium Value,51757.77,0
1093,32,Male,5013,Cosmetics,1327.61,3,2023-03-10,3982.83,12,1327.61,Medium Value,181218.57,0
1749,43,Female,5009,Books,612.03,4,2023-12-28,2448.12,6,612.03,Medium Value,42056.66,0
1957,58,Male,5034,Books,4591.84,4,2024-03-08,18367.36,11,4591.84,Medium Value,670133.32,0
1452,43,Female,5024,Groceries,3900.17,3,2023-04-10,11700.51,12,3900.17,High Value,284050.88,0
1203,49,Male,5002,Groceries,4120.58,3,2023-01-09,12361.74,10,4120.58,Medium Value,414017.06,0
1911,27,Female,5046,Clothing,4518.68,1,2024-07-27,4518.68,18,4518.68,Medium Value,973668.92,0
1217,33,Female,5037,Clothing,2648.25,1,2023-01-29,2648.25,7,2648.25,Low Value,201472.06,1
1473,24,Female,5016,Books,2283.41,2,2023-04-24,4566.82,7,2283.41,High Value,213029.67,1
1431,34,Female,5011,Groceries,1685.44,2,2024-04-06,3370.88,11,1685.44,Low Value,106098.26,0
1340,40,Female,5023,Electronics,2966.61,2,2023-05-23,5933.22,4,2966.61,Medium Value,141293.82,0
1550,43,Female,5028,Cosmetics,2298.68,2,2024-01-25,4597.36,1,2298.68,Low Value,23768.99,1
1611,38,Male,5042,Groceries,2285.25,1,2023-06-06,2285.25,13,2285.25,Medium Value,261183.31,0
1288,39,Female,5024,Groceries,4687.79,4,2023-12-01,18751.16,18,4687.79,Medium Value,709025.88,1
1253,24,Male,5035,Clothing,4920.96,2,2023-09-17,9841.92,9,4920.96,Low Value,496401.53,1
1733,31,Male,5025,Cosmetics,3992.6,4,2023-03-23,15970.4,9,3992.6,Low Value,499831.93,0
1356,32,Male,5037,Books,3795.95,2,2024-03-16,7591.9,9,3795.95,Medium Value,340329.06,1
1022,24,Male,5000,Groceries,3418.76,3,2023-06-21,10256.28,10,3418.76,High Value,452891.06,0
1761,26,Female,5019,Books,872.07,2,2023-08-19,1744.14,2,872.07,Medium Value,15734.87,0
1521,25,Female,5027,Groceries,342.57,2,2023-03-16,685.14,6,342.57,Medium Value,12381.74,0
1757,40,Female,5015,Books,3469.1,2,2023-09-27,6938.2,15,3469.1,High Value,292187.93,0
1836,46,Male,5046,Cosmetics,3657.49,1,2023-03-03,3657.49,3,3657.49,High Value,60495.0,1
1099,35,Male,5016,Clothing,282.52,3,2023-11-16,847.56,11,282.52,Low Value,27352.6,0
1801,48,Male,5039,Cosmetics,4643.86,2,2023-04-12,9287.72,6,4643.86,High Value,233280.89,0
1179,47,Male,5027,Electronics,501.15,2,2024-03-04,1002.3,3,501.15,Medium Value,18311.07,0
1222,56,Male,5011,Clothing,1465.21,4,2023-09-12,5860.84,11,1465.21,High Value,200309.39,1
1905,52,Male,5026,Cosmetics,3378.33,3,2024-06-15,10134.99,15,3378.33,Medium Value,279144.97,1
1761,35,Male,5041,Electronics,890.87,2,2024-07-23,1781.74,13,890.87,High Value,83515.52,1
1658,59,Female,5046,Groceries,324.31,4,2023-04-22,1297.24,10,324.31,High Value,25110.09,0
1441,56,Female,5029,Groceries,1689.18,4,2023-11-09,6756.72,6,1689.18,Medium Value,106176.31,0
1607,34,Female,5040,Books,3841.56,1,2024-04-05,3841.56,15,3841.56,Low Value,371391.59,0
1768,31,Female,5033,Clothing,2097.71,4,2024-04-06,8390.84,18,2097.71,High Value,239368.47,0
1324,48,Female,5036,Groceries,3282.22,2,2023-04-02,6564.44,18,3282.22,Medium Value,852989.9,0
1515,41,Male,5005,Clothing,2919.11,1,2023-02-21,2919.11,7,2919.11,Medium Value,266497.82,0
1015,52,Female,5006,Groceries,159.98,1,2024-06-03,159.98,15,159.98,Low Value,16333.68,0
1791,51,Female,5031,Books,4943.27,2,2023-04-08,9886.54,18,4943.27,Medium Value,806653.7,1
1335,20,Male,5031,Cosmetics,255.07,3,2023-08-24,765.21,18,255.07,Medium Value,39283.83,0
1758,54,Male,5024,Books,4840.62,4,2024-01-09,19362.48,9,4840.62,Medium Value,562433.41,0
1257,57,Female,5032,Electronics,2771.83,1,2024-08-03,2771.83,2,2771.83,Low Value,56002.77,0
1496,43,Male,5006,Groceries,4817.64,3,2024-07-10,14452.920000000002,8,4817.64,High Value,241980.32,1
1987,40,Female,5011,Electronics,618.03,2,2023-08-22,1236.06,2,618.03,Medium Value,15314.69,1
1895,56,Female,5015,Electronics,2477.52,4,2023-02-01,9910.08,11,2477.52,Low Value,244426.37,1
1159,32,Male,5015,Clothing,889.05,4,2023-10-16,3556.2,7,889.05,Medium Value,47479.45,0
1474,21,Male,5042,Groceries,302.33,1,2024-08-01,302.33,6,302.33,Medium Value,15881.37,1
1851,46,Male,5035,Electronics,3106.77,4,2024-06-25,12427.08,10,3106.77,Medium Value,309980.02,0
1663,39,Male,5012,Cosmetics,1078.53,4,2023-04-24,4314.12,5,1078.53,Medium Value,45466.27,0
1907,42,Male,5006,Electronics,2959.1,4,2023-07-23,11836.4,11,2959.1,Medium Value,241491.07,1
1689,30,Female,5035,Cosmetics,606.2,4,2023-01-29,2424.8,1,606.2,Medium Value,5446.72,0
1674,35,Male,5046,Clothing,1693.33,2,2024-04-18,3386.66,2,1693.33,Medium Value,17582.62,0
1379,50,Male,5008,Electronics,3919.08,3,2023-09-10,11757.24,1,3919.08,Medium Value,49870.21,0
1544,33,Male,5031,Books,2213.41,2,2024-01-21,4426.82,19,2213.41,Low Value,282164.47,0
1928,59,Female,5010,Clothing,3157.34,2,2023-03-03,6314.68,2,3157.34,High Value,34345.84,1
1956,19,Male,5007,Cosmetics,3254.92,1,2024-05-29,3254.92,4,3254.92,Medium Value,150207.88,0
1690,52,Male,5032,Clothing,4226.59,4,2024-03-05,16906.36,12,4226.59,Medium Value,646128.68,0
1426,59,Female,5022,Electronics,1658.37,2,2024-08-02,3316.74,18,1658.37,Medium Value,392186.67,0
1612,51,Female,5024,Groceries,3452.11,4,2024-06-20,13808.44,1,3452.11,High Value,34297.03,0
1267,47,Male,5007,Groceries,4810.0,2,2023-05-21,9620.0,1,4810.0,Medium Value,33928.21,0
1834,30,Female,5044,Cosmetics,3664.7,2,2023-10-27,7329.4,14,3664.7,Low Value,634769.56,0
1576,30,Male,5021,Cosmetics,2474.86,1,2023-11-07,2474.86,4,2474.86,Medium Value,118764.88,0
1416,35,Male,5003,Groceries,3172.05,3,2024-04-15,9516.150000000001,5,3172.05,Low Value,118360.4,0
1167,49,Male,5039,Cosmetics,3711.43,3,2024-01-28,11134.289999999999,11,3711.43,Low Value,572951.46,1
1841,49,Male,5002,Clothing,3080.77,2,2024-03-20,6161.54,13,3080.77,High Value,242050.83,0
1042,52,Female,5028,Books,132.55,1,2023-06-21,132.55,16,132.55,High Value,31444.85,0
1555,56,Male,5040,Books,1014.13,4,2024-07-29,4056.52,13,1014.13,Low Value,179330.85,0
1284,46,Male,5028,Clothing,4061.82,4,2023-01-31,16247.28,2,4061.82,Low Value,96500.61,0
1396,46,Female,5033,Books,1399.62,2,2023-02-16,2799.24,16,1399.62,High Value,322192.5,1
1011,33,Female,5033,Electronics,3671.23,3,2023-05-10,11013.69,6,3671.23,High Value,269243.13,1
1606,27,Male,5027,Clothing,1892.0,1,2023-12-18,1892.0,14,1892.0,High Value,182888.25,0
1301,47,Female,5012,Cosmetics,2633.33,3,2024-08-03,7899.99,1,2633.33,Low Value,24810.08,1
1897,42,Male,5014,Clothing,386.47,4,2023-02-27,1545.88,17,386.47,High Value,37547.69,0
1252,56,Female,5022,Groceries,947.07,3,2023-04-16,2841.21,11,947.07,Medium Value,92682.46,0
1498,37,Female,5043,Cosmetics,4788.12,4,2023-11-26,19152.48,19,4788.12,Low Value,1129539.41,0
1753,22,Female,5025,Groceries,4456.18,1,2024-01-18,4456.18,3,4456.18,High Value,118504.53,0
1034,18,Male,5003,Cosmetics,3278.76,1,2023-06-11,3278.76,11,3278.76,Medium Value,299456.89,0
1726,47,Male,5025,Books,2325.24,2,2023-10-13,4650.48,5,2325.24,High Value,127348.25,1
1848,20,Male,5039,Clothing,3395.02,2,2023-03-12,6790.04,17,3395.02,Low Value,791972.51,0
1089,31,Male,5008,Electronics,3112.12,3,2024-03-29,9336.36,7,3112.12,High Value,119290.12,1
1775,47,Male,5004,Cosmetics,2864.33,1,2024-07-20,2864.33,10,2864.33,Medium Value,253627.95,1
1604,21,Female,5031,Cosmetics,342.93,1,2024-02-01,342.93,11,342.93,Medium Value,24830.35,0
1921,35,Male,5019,Groceries,3182.37,2,2024-05-29,6364.74,3,3182.37,High Value,114121.79,0
1969,54,Male,5049,Books,3856.15,4,2023-01-26,15424.6,10,3856.15,High Value,233576.48,0
1601,42,Female,5010,Groceries,4970.7,3,2023-11-09,14912.099999999999,10,4970.7,Medium Value,578990.99,1
1417,18,Male,5014,Groceries,104.84,3,2023-05-06,314.52,14,104.84,High Value,11539.25,0
1114,32,Female,5031,Books,3664.36,2,2024-02-12,7328.72,12,3664.36,Low Value,307329.94,0
1616,26,Male,5027,Electronics,2880.36,1,2024-07-18,2880.36,15,2880.36,Low Value,620581.87,0
1902,32,Male,5021,Groceries,2198.56,2,2023-07-17,4397.12,10,2198.56,Medium Value,114000.74,0
1195,41,Male,5040,Groceries,681.47,2,2023-07-07,1362.94,10,681.47,Medium Value,63906.71,0
1825,21,Male,5016,Cosmetics,2074.97,2,2024-04-28,4149.94,19,2074.97,Medium Value,205648.47,0
1500,29,Female,5025,Books,1804.17,2,2024-03-25,3608.34,1,1804.17,Low Value,17745.69,0
1625,54,Male,5043,Clothing,1549.01,4,2024-06-06,6196.04,10,1549.01,Medium Value,155063.24,0
1492,54,Male,5006,Electronics,3667.85,4,2023-12-20,14671.4,2,3667.85,High Value,60274.69,0
1074,23,Male,5041,Electronics,3518.59,1,2024-08-19,3518.59,17,3518.59,High Value,378134.08,0
1412,56,Male,5025,Books,2965.65,2,2023-04-10,5931.3,7,2965.65,Medium Value,181934.11,0
1375,41,Female,5024,Cosmetics,4696.39,4,2024-07-11,18785.56,7,4696.39,Medium Value,385378.28,0
1419,28,Male,5009,Cosmetics,1781.78,1,2024-07-09,1781.78,9,1781.78,Medium Value,205645.25,0
1728,30,Female,5044,Books,1256.82,2,2023-10-05,2513.64,2,1256.82,High Value,25909.36,0
1276,51,Female,5018,Cosmetics,3296.72,3,2024-05-05,9890.16,14,3296.72,Medium Value,503003.04,0
1760,42,Female,5010,Electronics,1034.13,4,2023-09-12,4136.52,17,1034.13,High Value,123169.83,0
1675,24,Female,5012,Electronics,1609.3,1,2024-01-16,1609.3,1,1609.3,High Value,12670.51,0
1393,21,Male,5007,Clothing,1161.78,3,2024-06-25,3485.34,9,1161.78,Medium Value,69207.94,0
1868,25,Male,5039,Books,392.31,2,2023-09-21,784.62,19,392.31,High Value,55851.65,0
1456,37,Male,5003,Groceries,4146.12,2,2023-11-25,8292.24,4,4146.12,Medium Value,120218.7,1
1919,46,Female,5046,Groceries,1309.98,2,2023-04-25,2619.96,8,1309.98,Medium Value,106836.6,1
1191,27,Female,5030,Clothing,2391.49,4,2023-10-03,9565.96,13,2391.49,Medium Value,330383.24,1
1738,51,Male,5027,Clothing,264.41,1,2024-05-02,264.41,4,264.41,Medium Value,15282.34,1
1688,43,Female,5010,Cosmetics,3511.73,3,2023-10-08,10535.19,9,3511.73,High Value,219839.07,0
1098,58,Male,5042,Clothing,1686.28,1,2023-10-02,1686.28,9,1686.28,High Value,173266.64,0
1547,20,Female,5000,Clothing,3736.45,4,2023-11-24,14945.8,18,3736.45,Low Value,885937.21,0
1977,23,Male,5048,Groceries,2091.4,1,2023-07-30,2091.4,12,2091.4,Medium Value,266086.68,0
1998,22,Female,5046,Cosmetics,1018.99,4,2024-07-05,4075.96,10,1018.99,Medium Value,76934.12,0
1095,22,Female,5037,Clothing,2590.22,2,2023-01-26,5180.44,11,2590.22,High Value,217269.01,1
1663,40,Male,5023,Clothing,696.0,3,2023-01-27,2088.0,7,696.0,Medium Value,26272.41,0
1662,26,Male,5046,Cosmetics,2230.67,2,2023-03-24,4461.34,9,2230.67,Medium Value,161701.22,0
1189,52,Male,5030,Books,1620.66,1,2024-02-17,1620.66,6,1620.66,Medium Value,121024.76,0
1735,37,Male,5040,Cosmetics,4564.2,2,2023-06-16,9128.4,19,4564.2,Medium Value,474806.3,0
1036,59,Male,5045,Groceries,351.6,3,2023-06-18,1054.8000000000002,16,351.6,High Value,40464.68,0
1779,52,Female,5049,Books,3485.39,2,2023-08-17,6970.78,15,3485.39,High Value,630628.6,1
1368,35,Female,5025,Electronics,954.62,3,2024-01-02,2863.86,7,954.62,Low Value,85711.14,0
1694,34,Male,5048,Cosmetics,1629.27,3,2024-06-11,4887.8099999999995,16,1629.27,Low Value,249035.46,1
1524,41,Male,5049,Groceries,2106.79,2,2024-06-21,4213.58,5,2106.79,High Value,126204.55,0
1278,20,Female,5004,Books,4544.67,4,2024-06-07,18178.68,16,4544.67,Medium Value,645671.93,1
1216,49,Female,5019,Cosmetics,1250.76,1,2023-03-13,1250.76,1,1250.76,High Value,8253.93,0
1866,52,Male,5040,Clothing,501.98,4,2023-04-16,2007.92,19,501.98,High Value,85662.09,0
1872,55,Female,5010,Cosmetics,1627.51,4,2023-10-09,6510.04,5,1627.51,Medium Value,87882.92,0
1797,30,Male,5032,Electronics,568.15,2,2023-05-13,1136.3,7,568.15,High Value,57589.8,1
1272,42,Male,5049,Cosmetics,686.55,1,2024-06-17,686.55,19,686.55,Medium Value,74190.43,1
1880,26,Male,5037,Books,2890.56,1,2023-09-26,2890.56,5,2890.56,Medium Value,145596.65,0
1061,21,Male,5026,Books,351.46,4,2024-02-16,1405.84,17,351.46,High Value,49526.46,0
1595,31,Male,5033,Cosmetics,203.11,2,2023-01-18,406.22,8,203.11,High Value,16383.86,1
1879,54,Female,5014,Books,3586.35,1,2023-04-27,3586.35,1,3586.35,Low Value,18791.59,0
1728,51,Female,5031,Clothing,1840.15,4,2023-05-24,7360.6,2,1840.15,High Value,29921.77,0
1341,28,Female,5020,Cosmetics,670.61,1,2024-07-04,670.61,15,670.61,Medium Value,132767.52,0
1396,58,Male,5045,Clothing,1305.38,2,2024-02-26,2610.76,18,1305.38,Medium Value,247643.0,0
1698,20,Male,5004,Clothing,3228.33,2,2024-01-04,6456.66,11,3228.33,Medium Value,337567.34,1
1018,45,Female,5005,Groceries,1413.91,2,2024-07-11,2827.82,10,1413.91,Medium Value,111066.18,1
1176,46,Male,5037,Cosmetics,2497.88,1,2023-02-19,2497.88,4,2497.88,High Value,79736.58,0
1611,26,Male,5021,Books,652.39,3,2023-04-16,1957.17,5,652.39,High Value,28806.33,0
1395,20,Male,5017,Clothing,2961.06,1,2023-08-04,2961.06,4,2961.06,High Value,158188.2,1
1444,42,Female,5013,Groceries,1614.58,3,2024-02-29,4843.74,13,1614.58,Medium Value,307961.3,0
1232,51,Male,5009,Cosmetics,3153.49,2,2023-03-13,6306.98,13,3153.49,Medium Value,384805.25,1
1914,29,Male,5045,Cosmetics,4051.55,4,2024-03-21,16206.2,18,4051.55,High Value,651503.46,0
1075,59,Female,5012,Electronics,3077.65,3,2023-07-05,9232.95,2,3077.65,High Value,82884.24,0
1264,26,Male,5030,Electronics,1513.95,2,2023-03-11,3027.9,16,1513.95,Medium Value,224526.13,1
1454,32,Male,5029,Clothing,1315.93,2,2023-05-30,2631.86,1,1315.93,Medium Value,13843.82,0
1795,57,Male,5002,Electronics,1670.73,3,2023-09-03,5012.1900000000005,19,1670.73,Low Value,232029.17,0
1717,42,Male,5029,Clothing,864.87,4,2024-06-21,3459.48,9,864.87,Medium Value,96792.12,0
1734,22,Female,5005,Books,946.8,2,2023-04-09,1893.6,3,946.8,Medium Value,29312.6,0
1383,28,Male,5028,Clothing,3963.92,3,2023-10-05,11891.76,7,3963.92,Medium Value,363223.58,0
1563,51,Male,5007,Electronics,1954.43,4,2024-07-16,7817.72,10,1954.43,Low Value,250310.25,1
1850,41,Female,5043,Books,2208.18,4,2024-03-30,8832.72,1,2208.18,Low Value,15788.59,1
1505,32,Female,5044,Electronics,2990.54,2,2023-04-14,5981.08,10,2990.54,Medium Value,363540.67,0
1366,55,Female,5042,Clothing,2968.78,1,2023-08-21,2968.78,9,2968.78,High Value,347361.8,0
1143,25,Male,5043,Groceries,383.52,1,2024-01-29,383.52,15,383.52,High Value,48674.86,0
1884,22,Male,5032,Cosmetics,4166.13,2,2024-05-15,8332.26,15,4166.13,Medium Value,420326.55,0
1068,43,Female,5016,Electronics,927.77,4,2023-09-08,3711.08,3,927.77,Medium Value,13989.81,0
1098,35,Female,5047,Clothing,3629.2,2,2024-06-04,7258.4,5,3629.2,Medium Value,172550.98,1
1395,23,Male,5010,Books,3874.72,3,2023-03-20,11624.16,9,3874.72,High Value,297264.43,0
1024,54,Male,5012,Electronics,3588.75,1,2023-02-21,3588.75,9,3588.75,Medium Value,340722.69,1
1947,30,Male,5049,Electronics,2915.94,3,2023-08-14,8747.82,7,2915.94,Low Value,140440.06,0
1890,45,Female,5010,Cosmetics,122.31,2,2023-02-20,244.62,12,122.31,High Value,19956.08,0
1468,22,Male,5030,Clothing,1833.86,2,2023-07-05,3667.72,9,1833.86,Medium Value,125065.53,0
1483,30,Male,5027,Groceries,3043.96,4,2023-02-03,12175.84,6,3043.96,Medium Value,132673.36,0
1564,34,Male,5043,Books,1967.88,4,2023-05-11,7871.52,2,1967.88,Low Value,38598.55,0
1150,57,Female,5005,Clothing,4324.23,4,2024-03-18,17296.92,9,4324.23,Low Value,388733.54,1
1143,49,Female,5040,Books,1578.57,3,2024-03-07,4735.71,17,1578.57,Medium Value,191898.06,0
1568,46,Male,5015,Electronics,1503.0,4,2024-05-11,6012.0,1,1503.0,Medium Value,11601.07,1
1038,20,Female,5003,Cosmetics,1366.69,2,2024-02-07,2733.38,19,1366.69,Low Value,173903.1,0
1108,57,Female,5034,Cosmetics,1697.27,4,2023-11-19,6789.08,6,1697.27,Medium Value,124083.35,1
1692,51,Male,5047,Groceries,2809.15,1,2023-07-29,2809.15,5,2809.15,Medium Value,178393.53,0
1041,57,Male,5025,Cosmetics,3549.73,4,2023-11-25,14198.92,2,3549.73,Medium Value,68320.13,1
1185,44,Male,5011,Electronics,3329.71,3,2024-01-07,9989.130000000001,9,3329.71,High Value,363830.19,0
1934,30,Female,5010,Groceries,4048.2,1,2024-04-04,4048.2,14,4048.2,Medium Value,700463.91,1
1397,50,Female,5036,Clothing,4435.27,1,2023-05-13,4435.27,4,4435.27,Low Value,113236.97,1
1222,23,Female,5024,Cosmetics,4089.59,1,2023-05-01,4089.59,4,4089.59,Medium Value,239842.68,0
1633,41,Female,5017,Groceries,143.78,3,2024-03-27,431.34000000000003,15,143.78,Medium Value,28490.7,0
1132,36,Male,5018,Electronics,3692.79,2,2023-05-09,7385.58,8,3692.79,High Value,208120.76,0
1162,33,Female,5022,Books,1081.58,4,2023-04-01,4326.32,4,1081.58,Medium Value,29685.7,1
1214,57,Male,5037,Books,707.99,1,2024-07-28,707.99,16,707.99,High Value,70873.89,0
1732,45,Male,5017,Electronics,3210.52,1,2023-01-29,3210.52,4,3210.52,High Value,81981.09,0
1234,50,Female,5025,Electronics,1632.73,1,2024-06-07,1632.73,16,1632.73,Medium Value,326065.79,0
1842,58,Female,5005,Books,332.73,2,2023-11-29,665.46,12,332.73,High Value,38715.97,0
1657,30,Male,5003,Groceries,731.27,2,2023-10-24,1462.54,16,731.27,Medium Value,150107.4,1
1750,42,Female,5043,Books,54.6,3,2023-05-10,163.8,19,54.6,Medium Value,12928.65,0
1587,59,Female,5028,Electronics,4520.96,2,2023-10-20,9041.92,8,4520.96,Low Value,399512.79,0
1008,53,Male,5033,Cosmetics,171.86,4,2023-06-22,687.44,6,171.86,Medium Value,12233.34,1
1073,44,Female,5016,Clothing,1086.81,3,2023-01-24,3260.43,10,1086.81,High Value,56335.42,0
1953,55,Male,5042,Cosmetics,2110.5,3,2023-04-09,6331.5,5,2110.5,High Value,85662.84,0
1491,24,Male,5042,Cosmetics,1815.03,4,2024-02-10,7260.12,18,1815.03,Medium Value,371732.65,0
1912,22,Male,5015,Electronics,4563.04,4,2023-12-22,18252.16,10,4563.04,Medium Value,232416.14,0
1252,48,Female,5001,Books,249.43,4,2023-05-19,997.72,10,249.43,Medium Value,13294.04,0
1229,40,Female,5033,Groceries,2585.46,3,2024-05-17,7756.38,7,2585.46,Medium Value,244667.66,1
1518,59,Male,5007,Cosmetics,3418.37,3,2023-06-23,10255.11,18,3418.37,High Value,728538.31,0
1173,27,Male,5012,Books,4661.9,3,2023-01-29,13985.699999999999,1,4661.9,Medium Value,35680.77,0
1652,49,Female,5041,Groceries,3120.84,4,2024-05-10,12483.36,7,3120.84,Medium Value,259520.94,0
1167,47,Male,5007,Cosmetics,4028.59,4,2023-12-17,16114.36,1,4028.59,High Value,52067.78,0
1169,56,Female,5029,Groceries,464.44,1,2024-07-07,464.44,15,464.44,High Value,56206.13,1
1392,48,Female,5031,Books,1960.4,2,2023-10-26,3920.8,4,1960.4,High Value,42033.91,0
1945,35,Male,5035,Clothing,1901.04,1,2023-07-11,1901.04,10,1901.04,High Value,272377.04,0
1794,53,Female,5046,Books,4437.13,4,2023-03-05,17748.52,9,4437.13,Medium Value,337515.55,0
1633,19,Male,5029,Electronics,799.29,3,2023-08-03,2397.87,2,799.29,High Value,9695.1,0
1193,31,Female,5000,Groceries,801.84,4,2023-06-15,3207.36,14,801.84,High Value,111343.47,0
1516,30,Female,5042,Clothing,1676.36,2,2024-06-26,3352.72,16,1676.36,High Value,340225.39,0
1028,46,Female,5038,Groceries,319.61,1,2023-08-20,319.61,1,319.61,Low Value,2306.46,0
1164,29,Male,5016,Groceries,953.17,1,2024-06-24,953.17,2,953.17,Low Value,14669.1,1
1421,56,Female,5019,Cosmetics,4827.79,3,2023-07-14,14483.369999999999,7,4827.79,High Value,250997.04,0
1338,19,Male,5023,Electronics,2169.51,1,2024-05-20,2169.51,10,2169.51,Medium Value,323619.96,1
1647,49,Male,5049,Groceries,3178.5,1,2023-11-30,3178.5,1,3178.5,High Value,22166.98,1
1495,30,Male,5021,Books,3644.25,4,2023-10-31,14577.0,13,3644.25,Medium Value,509530.39,0
1364,44,Female,5028,Books,1866.46,1,2024-03-12,1866.46,1,1866.46,High Value,26601.99,0
1832,58,Male,5021,Cosmetics,778.77,1,2023-11-19,778.77,5,778.77,Medium Value,25189.18,0
1341,34,Female,5043,Electronics,1072.58,1,2024-05-16,1072.58,16,1072.58,Medium Value,252417.41,0
1499,57,Female,5008,Electronics,1600.67,3,2024-01-28,4802.01,15,1600.67,Low Value,347540.01,1
1656,48,Male,5036,Books,3198.54,3,2024-08-21,9595.619999999999,17,3198.54,High Value,752863.51,0
1510,51,Female,5009,Clothing,2021.49,4,2023-05-29,8085.96,16,2021.49,Low Value,231115.02,0
1326,41,Male,5035,Cosmetics,83.73,1,2024-02-09,83.73,13,83.73,Medium Value,12344.08,0
1216,52,Female,5036,Cosmetics,2640.87,3,2023-10-10,7922.61,11,2640.87,High Value,366283.55,0
1300,23,Female,5027,Books,4611.49,3,2023-12-28,13834.47,17,4611.49,Medium Value,1164976.5,0
1131,36,Male,5027,Books,4069.78,4,2024-01-14,16279.12,17,4069.78,High Value,470759.79,1
1803,47,Female,5041,Clothing,4134.8,2,2023-07-17,8269.6,2,4134.8,High Value,104695.28,0
1069,24,Male,5042,Clothing,3985.54,1,2024-07-09,3985.54,13,3985.54,High Value,434599.83,1
1251,27,Male,5020,Electronics,1652.47,3,2023-12-22,4957.41,14,1652.47,Medium Value,156303.35,0
1414,58,Female,5023,Cosmetics,3837.71,4,2024-06-23,15350.84,11,3837.71,Medium Value,388957.53,0
1786,49,Male,5041,Cosmetics,758.65,4,2024-03-04,3034.6,10,758.65,Low Value,98156.86,0
1444,51,Male,5039,Books,3305.69,4,2023-01-17,13222.76,3,3305.69,High Value,95684.83,0
1875,45,Male,5001,Electronics,3225.76,3,2024-01-14,9677.28,17,3225.76,Low Value,568956.09,0
1181,32,Female,5007,Cosmetics,176.57,1,2024-05-20,176.57,15,176.57,High Value,39600.04,1
1166,47,Male,5047,Electronics,3950.45,2,2023-03-17,7900.9,9,3950.45,Medium Value,319669.77,1
1090,54,Male,5026,Electronics,4521.08,1,2023-08-19,4521.08,10,4521.08,Medium Value,504281.6,0
1713,46,Female,5021,Books,1373.71,4,2023-09-05,5494.84,8,1373.71,High Value,95087.57,0
1857,39,Female,5036,Electronics,4071.33,4,2023-10-29,16285.32,13,4071.33,Low Value,472527.25,0
1530,21,Male,5026,Clothing,457.91,2,2023-08-03,915.82,18,457.91,Medium Value,98549.25,1
1038,37,Male,5028,Clothing,3019.84,1,2023-06-07,3019.84,5,3019.84,Medium Value,217109.43,0
1125,49,Male,5002,Groceries,2453.95,4,2023-03-10,9815.8,6,2453.95,Medium Value,153473.8,1
1450,53,Male,5043,Books,2752.32,4,2024-01-28,11009.28,17,2752.32,Medium Value,593477.22,0
1172,21,Male,5012,Groceries,4634.72,1,2023-03-26,4634.72,11,4634.72,Medium Value,300388.82,0
1652,44,Female,5044,Clothing,4363.01,4,2023-09-24,17452.04,16,4363.01,Medium Value,496446.34,1
1753,34,Female,5009,Groceries,3936.16,1,2023-03-10,3936.16,9,3936.16,High Value,355009.54,0
1219,29,Female,5035,Books,1404.81,4,2023-12-13,5619.24,2,1404.81,Medium Value,14610.35,0
1637,39,Male,5008,Books,4563.5,1,2024-02-27,4563.5,5,4563.5,Low Value,171782.68,0
1057,34,Female,5026,Electronics,532.66,2,2023-06-23,1065.32,1,532.66,High Value,5419.29,0
1659,27,Male,5033,Cosmetics,4273.98,4,2023-04-25,17095.92,4,4273.98,High Value,88037.35,0
1475,18,Female,5000,Electronics,1674.39,2,2023-08-08,3348.78,4,1674.39,Medium Value,51205.95,0
1455,39,Female,5031,Books,316.17,4,2023-01-31,1264.68,3,316.17,Medium Value,9618.18,1
1828,43,Male,5024,Clothing,3363.32,4,2024-06-06,13453.28,9,3363.32,Medium Value,324840.99,0
1894,35,Female,5028,Clothing,1194.84,3,2023-12-09,3584.5199999999995,12,1194.84,High Value,204425.42,1
1360,31,Male,5006,Electronics,1255.68,1,2024-01-12,1255.68,10,1255.68,Medium Value,143818.76,0
1934,46,Female,5048,Books,1564.93,2,2023-05-10,3129.86,2,1564.93,High Value,28629.95,0
1000,29,Male,5002,Clothing,365.24,2,2024-06-22,730.48,11,365.24,Medium Value,57466.36,0
1386,53,Male,5019,Books,926.78,2,2023-01-02,1853.56,10,926.78,Medium Value,119080.39,0
1972,52,Female,5019,Clothing,75.44,1,2023-04-11,75.44,6,75.44,High Value,3168.52,0
1347,29,Male,5029,Books,2254.78,3,2024-06-16,6764.34,18,2254.78,Medium Value,256033.93,1
1189,24,Female,5034,Groceries,467.06,2,2023-02-27,934.12,2,467.06,Low Value,10983.49,0
1504,46,Male,5034,Books,3429.13,1,2024-01-24,3429.13,2,3429.13,Medium Value,72689.54,0
1190,28,Female,5048,Books,1216.33,4,2023-12-07,4865.32,10,1216.33,Low Value,156866.87,0
1507,50,Female,5038,Electronics,4720.69,2,2023-01-20,9441.38,16,4720.69,Medium Value,935682.34,1
1368,23,Male,5026,Groceries,4362.7,2,2023-09-12,8725.4,12,4362.7,Medium Value,589075.24,1
1408,32,Male,5025,Cosmetics,1482.73,3,2023-11-13,4448.1900000000005,1,1482.73,High Value,22039.03,0
1823,49,Male,5013,Electronics,3926.92,2,2023-02-07,7853.84,8,3926.92,High Value,324705.93,0
1928,28,Male,5016,Cosmetics,4026.06,2,2024-06-20,8052.12,16,4026.06,High Value,394944.09,0
1933,40,Male,5017,Clothing,4933.49,4,2024-01-21,19733.96,18,4933.49,Medium Value,1179544.38,0
1116,43,Female,5044,Cosmetics,3009.31,1,2023-01-26,3009.31,13,3009.31,Low Value,294132.78,0
1133,51,Female,5028,Books,455.73,1,2024-03-29,455.73,15,455.73,Medium Value,87315.74,0
1057,51,Female,5019,Cosmetics,3251.84,3,2023-11-19,9755.52,12,3251.84,Medium Value,568593.5,0
1555,46,Female,5026,Electronics,3143.65,4,2024-05-27,12574.6,8,3143.65,Medium Value,300984.5,0
1684,21,Female,5017,Electronics,3209.84,1,2023-01-13,3209.84,10,3209.84,Medium Value,351808.15,0
1671,34,Female,5003,Cosmetics,1570.37,4,2024-07-13,6281.48,14,1570.37,Medium Value,211142.63,1
1172,52,Male,5000,Electronics,4305.41,1,2024-01-06,4305.41,5,4305.41,Medium Value,186081.94,1
1828,30,Female,5049,Electronics,4799.39,4,2023-10-18,19197.56,18,4799.39,Medium Value,736902.44,0
1814,58,Female,5000,Cosmetics,1127.68,3,2023-11-28,3383.04,19,1127.68,High Value,243478.31,0
1148,56,Female,5025,Groceries,486.35,2,2023-09-18,972.7,15,486.35,Low Value,91283.5,0
1079,32,Male,5044,Groceries,1012.95,3,2023-07-24,3038.8500000000004,6,1012.95,High Value,71626.73,0
1885,46,Male,5019,Clothing,4111.73,1,2024-01-22,4111.73,11,4111.73,High Value,315884.11,1
1212,46,Male,5022,Electronics,3399.39,3,2024-04-12,10198.17,11,3399.39,Low Value,371684.51,0
1202,28,Female,5009,Cosmetics,3198.43,2,2024-02-19,6396.86,18,3198.43,Medium Value,743619.66,1
1763,49,Male,5010,Electronics,2038.88,3,2023-03-10,6116.64,18,2038.88,Medium Value,358081.84,1
1228,19,Male,5040,Books,2910.25,1,2024-04-16,2910.25,10,2910.25,Medium Value,301683.29,0
1675,31,Female,5040,Electronics,1573.98,1,2023-04-14,1573.98,2,1573.98,Medium Value,40014.85,0
1226,37,Male,5004,Electronics,2412.14,3,2023-06-10,7236.42,9,2412.14,High Value,252102.1,0
1658,39,Male,5000,Groceries,3975.66,2,2023-07-19,7951.32,14,3975.66,Medium Value,506134.47,0
1531,28,Male,5016,Cosmetics,4907.15,3,2023-08-04,14721.449999999999,19,4907.15,Medium Value,1301024.9,0
1440,44,Female,5021,Electronics,4665.82,2,2023-07-31,9331.64,10,4665.82,Medium Value,309141.87,0
1401,20,Female,5033,Groceries,4672.64,4,2024-05-22,18690.56,4,4672.64,Medium Value,279520.4,1
1046,34,Male,5044,Clothing,2041.01,2,2023-01-16,4082.02,6,2041.01,Low Value,75785.06,0
1232,45,Female,5040,Groceries,2370.51,4,2024-05-12,9482.04,14,2370.51,High Value,170897.17,0
1304,46,Male,5028,Groceries,3542.9,3,2023-11-28,10628.7,4,3542.9,Medium Value,196987.92,0
1525,38,Female,5003,Groceries,4614.85,2,2024-07-04,9229.7,15,4614.85,Medium Value,515677.3,0
1142,33,Female,5004,Electronics,752.87,4,2023-09-13,3011.48,16,752.87,Low Value,148128.63,0
1414,54,Female,5010,Electronics,1556.0,4,2023-06-21,6224.0,7,1556.0,High Value,142795.79,1
1512,37,Male,5020,Clothing,739.27,4,2024-05-12,2957.08,17,739.27,Medium Value,170791.84,0
1372,23,Female,5034,Books,3079.44,1,2024-04-15,3079.44,19,3079.44,Low Value,872722.24,0
1565,36,Female,5011,Books,1566.19,3,2024-01-19,4698.57,19,1566.19,High Value,236287.24,0
1885,22,Male,5025,Books,1664.23,4,2024-08-11,6656.92,17,1664.23,Low Value,342400.96,0
1258,20,Female,5018,Clothing,401.03,2,2024-05-21,802.06,6,401.03,High Value,14807.63,1
1655,18,Male,5044,Books,1781.49,4,2024-06-10,7125.96,11,1781.49,Medium Value,177701.89,0
1470,55,Female,5006,Books,4319.36,1,2023-11-21,4319.36,16,4319.36,Low Value,931580.0,1
1952,32,Male,5046,Groceries,1203.71,3,2023-08-02,3611.13,8,1203.71,Medium Value,83552.69,0
1970,51,Female,5006,Electronics,3491.18,1,2023-07-27,3491.18,11,3491.18,Medium Value,419013.14,0
1011,52,Male,5025,Electronics,3166.66,1,2023-06-18,3166.66,7,3166.66,High Value,222502.64,0
1329,42,Male,5039,Groceries,4324.25,1,2023-11-26,4324.25,19,4324.25,Low Value,941522.37,0
1735,41,Male,5004,Groceries,704.83,2,2023-10-07,1409.66,10,704.83,Medium Value,103814.02,0
1783,29,Male,5020,Groceries,4889.07,3,2023-11-01,14667.21,9,4889.07,High Value,244532.69,1
1967,35,Male,5013,Electronics,2934.01,3,2023-05-26,8802.03,4,2934.01,Medium Value,126040.55,0
1357,32,Male,5003,Books,4977.6,2,2024-05-30,9955.2,15,4977.6,Medium Value,1017691.81,0
1971,33,Female,5022,Groceries,4562.0,3,2023-03-31,13686.0,13,4562.0,High Value,582018.83,0
1407,44,Male,5041,Clothing,1146.51,1,2024-03-28,1146.51,2,1146.51,High Value,13265.74,0
1667,25,Male,5019,Groceries,328.0,3,2023-03-01,984.0,2,328.0,High Value,6957.14,0
1372,42,Female,5014,Cosmetics,1315.41,2,2023-11-07,2630.82,16,1315.41,Medium Value,175122.93,0
1007,34,Male,5049,Groceries,2661.44,1,2024-06-11,2661.44,9,2661.44,Medium Value,156877.94,0
1121,46,Female,5044,Electronics,899.4,2,2023-08-15,1798.8,13,899.4,Medium Value,157731.81,0
1347,25,Female,5028,Groceries,878.93,4,2024-04-18,3515.72,3,878.93,Low Value,26937.43,0
1675,32,Female,5007,Cosmetics,2339.84,1,2024-06-24,2339.84,9,2339.84,Low Value,301827.37,0
1089,44,Female,5040,Clothing,214.68,1,2023-03-20,214.68,13,214.68,Medium Value,36448.83,0
1647,24,Female,5047,Books,653.35,3,2024-03-08,1960.0500000000002,2,653.35,High Value,15588.56,0
1697,20,Male,5018,Groceries,2108.51,1,2023-06-02,2108.51,8,2108.51,Medium Value,85188.11,1
1315,46,Male,5047,Cosmetics,362.49,2,2024-02-05,724.98,9,362.49,Medium Value,30269.41,0
1177,41,Male,5038,Cosmetics,2013.94,3,2023-10-06,6041.82,16,2013.94,Medium Value,224751.28,0
1539,20,Female,5045,Clothing,2396.33,4,2023-02-26,9585.32,2,2396.33,Medium Value,67614.75,0
1731,37,Male,5027,Electronics,2283.77,2,2023-07-05,4567.54,6,2283.77,Medium Value,92435.68,0
1868,32,Female,5045,Groceries,4352.42,4,2024-02-02,17409.68,8,4352.42,Low Value,273701.08,1
1040,42,Female,5026,Cosmetics,2673.81,4,2023-06-07,10695.24,5,2673.81,High Value,135941.42,0
1739,47,Female,5003,Clothing,2366.5,4,2023-12-25,9466.0,9,2366.5,Medium Value,162585.0,1
1703,31,Male,5014,Books,2083.01,1,2024-03-15,2083.01,1,2083.01,High Value,14786.55,1
1922,24,Male,5034,Cosmetics,4097.24,2,2024-08-11,8194.48,9,4097.24,Low Value,405294.63,0
1501,34,Female,5036,Clothing,4480.53,2,2024-04-10,8961.06,10,4480.53,High Value,263871.64,0
1958,37,Female,5000,Electronics,4273.55,1,2024-03-21,4273.55,4,4273.55,High Value,95414.31,0
1144,53,Male,5002,Electronics,3384.06,3,2024-05-02,10152.18,3,3384.06,Medium Value,88551.91,0
1200,26,Male,5046,Cosmetics,729.94,4,2024-06-13,2919.76,10,729.94,Medium Value,89101.18,0
1928,55,Female,5023,Cosmetics,1420.51,2,2023-03-14,2841.02,15,1420.51,High Value,224754.53,0
1723,39,Female,5026,Groceries,278.01,1,2023-01-17,278.01,11,278.01,Medium Value,28222.58,0
1460,19,Female,5039,Clothing,4657.58,4,2024-06-14,18630.32,14,4657.58,Medium Value,694935.24,0
1731,41,Female,5035,Cosmetics,3320.95,3,2023-11-22,9962.849999999999,6,3320.95,High Value,172447.27,0
1751,25,Female,5033,Groceries,3744.5,3,2024-06-29,11233.5,12,3744.5,Medium Value,645317.99,1
1924,28,Male,5028,Groceries,1592.28,4,2024-08-18,6369.12,13,1592.28,Low Value,114863.31,0
1908,30,Male,5023,Cosmetics,4235.98,3,2023-07-21,12707.939999999999,17,4235.98,Medium Value,844978.68,1
1557,34,Male,5023,Electronics,1335.04,2,2023-12-10,2670.08,16,1335.04,Medium Value,297186.88,0
1546,25,Male,5041,Clothing,58.14,2,2024-06-06,116.28,3,58.14,Medium Value,2274.24,0
1252,38,Female,5003,Clothing,1913.25,2,2024-02-04,3826.5,2,1913.25,Medium Value,26174.83,0
1389,35,Female,5002,Electronics,2875.27,3,2023-08-06,8625.81,11,2875.27,High Value,251735.35,0
1593,47,Female,5033,Cosmetics,2419.59,2,2024-03-20,4839.18,9,2419.59,High Value,265028.13,0
1882,35,Male,5048,Clothing,4317.28,1,2023-08-10,4317.28,3,4317.28,Low Value,75673.79,0
1255,48,Female,5022,Cosmetics,571.76,2,2024-01-18,1143.52,18,571.76,Low Value,135012.61,1
1708,55,Female,5022,Cosmetics,2791.43,2,2024-08-14,5582.86,15,2791.43,Medium Value,510374.01,0
1814,49,Female,5044,Groceries,2589.25,3,2023-01-07,7767.75,14,2589.25,High Value,445726.26,0
1920,28,Female,5004,Electronics,1442.9,2,2023-09-29,2885.8,2,1442.9,High Value,17321.77,1
1449,42,Male,5030,Cosmetics,4120.03,4,2023-01-16,16480.12,17,4120.03,Medium Value,852925.7,1
1009,50,Male,5040,Books,3776.6,1,2024-02-28,3776.6,8,3776.6,Medium Value,356456.09,0
1823,55,Male,5005,Electronics,3677.65,3,2024-06-07,11032.95,10,3677.65,High Value,489466.71,0
1797,58,Male,5036,Clothing,4387.15,1,2023-01-21,4387.15,18,4387.15,Low Value,427691.29,1
1241,25,Male,5009,Groceries,3627.78,4,2023-08-16,14511.12,19,3627.78,Medium Value,360568.78,0
1250,28,Female,5039,Clothing,1197.61,3,2023-10-15,3592.83,8,1197.61,Low Value,83641.76,0
